<<<<<<< HEAD
CREATE DATABASE  IF NOT EXISTS `ph_company` /*!40100 DEFAULT CHARACTER SET utf8mb4 COLLATE utf8mb4_0900_ai_ci */ /*!80016 DEFAULT ENCRYPTION='N' */;
USE `ph_company`;
-- MySQL dump 10.13  Distrib 8.0.41, for Win64 (x86_64)
--
-- Host: 127.0.0.1    Database: ph_company
-- ------------------------------------------------------
-- Server version	8.0.41

/*!40101 SET @OLD_CHARACTER_SET_CLIENT=@@CHARACTER_SET_CLIENT */;
/*!40101 SET @OLD_CHARACTER_SET_RESULTS=@@CHARACTER_SET_RESULTS */;
/*!40101 SET @OLD_COLLATION_CONNECTION=@@COLLATION_CONNECTION */;
/*!50503 SET NAMES utf8 */;
/*!40103 SET @OLD_TIME_ZONE=@@TIME_ZONE */;
/*!40103 SET TIME_ZONE='+00:00' */;
/*!40014 SET @OLD_UNIQUE_CHECKS=@@UNIQUE_CHECKS, UNIQUE_CHECKS=0 */;
/*!40014 SET @OLD_FOREIGN_KEY_CHECKS=@@FOREIGN_KEY_CHECKS, FOREIGN_KEY_CHECKS=0 */;
/*!40101 SET @OLD_SQL_MODE=@@SQL_MODE, SQL_MODE='NO_AUTO_VALUE_ON_ZERO' */;
/*!40111 SET @OLD_SQL_NOTES=@@SQL_NOTES, SQL_NOTES=0 */;

--
-- Table structure for table `employee`
--

DROP TABLE IF EXISTS `employee`;
/*!40101 SET @saved_cs_client     = @@character_set_client */;
/*!50503 SET character_set_client = utf8mb4 */;
CREATE TABLE `employee` (
  `id` int NOT NULL,
  `lastname` varchar(100) NOT NULL,
  `firstname` varchar(100) NOT NULL,
  `office_id` int DEFAULT NULL,
  `address` varchar(255) DEFAULT NULL,
  PRIMARY KEY (`id`),
  KEY `office_id` (`office_id`),
  CONSTRAINT `employee_ibfk_1` FOREIGN KEY (`office_id`) REFERENCES `office` (`id`)
) ENGINE=InnoDB DEFAULT CHARSET=utf8mb4 COLLATE=utf8mb4_0900_ai_ci;
/*!40101 SET character_set_client = @saved_cs_client */;

--
-- Dumping data for table `employee`
--

LOCK TABLES `employee` WRITE;
/*!40000 ALTER TABLE `employee` DISABLE KEYS */;
INSERT INTO `employee` VALUES (1,'Stanton','Eliza',34,'66A/34 Hudson Spurs Suite 081, Poblacion, Panabo 1803 Surigao del Norte'),(2,'Kovacek','Laverna',40,'38 Gusikowski Mews, Poblacion, Alaminos 0670 Negros Oriental'),(3,'Bartell','Sheridan',14,'73A Huels Parkway, San Sebastian 8902 Leyte'),(4,'Feest','Rex',35,'42 Powlowski Mountain Suite 496, Poblacion, Surigao City 0968 Southern Leyte'),(5,'Johnson','Millie',14,'73A Jerde Corner, Bacacay 2540 Davao del Norte'),(6,'Conroy','Theo',16,'32 Turcotte Well, Poblacion, Iloilo City 7602 Lanao del Sur'),(7,'Bruen','Cristobal',5,'26A/85 Weber Road Suite 521, Poblacion, Kabankalan 8221 Cagayan'),(8,'Sporer','Adrian',31,'23/94 Lubowitz Drives Suite 494, Poblacion, Trece Martires 3764 Kalinga'),(9,'Wisoky','Kara',50,'40A Oberbrunner Spurs, Carasi 4007 Cotabato'),(10,'Pacocha','Doris',29,'91/52 Cremin Stravenue Apt. 713, Poblacion, Urdaneta 4087 Marinduque'),(11,'Boyer','Yadira',42,'71A Homenick Lake Apt. 071, Lasam 8489 Oriental Mindoro'),(12,'Larson','Brandon',7,'45/84 Cummerata Valley, Poblacion, Antipolo 5000 Bohol'),(13,'Veum','Oren',3,'37/19 Connelly Estate Apt. 956, Bayombong 7438 Sulu'),(14,'Braun','Mary',27,'42 Gottlieb Plaza Apt. 529, Poro 9422 Misamis Oriental'),(15,'Osinski','Armand',32,'75A/32 O\'Reilly Port Apt. 786, Salcedo 9114 Ilocos Sur'),(16,'Cummerata','Zion',40,'08A Adams Plaza, Ilagan City 9552 Davao del Sur'),(17,'Dicki','Francisca',42,'95 Reichert Turnpike, Panabo City 3466 La Union'),(18,'Mosciski','Ike',31,'74/41 Rath Isle Suite 182, Sudipen 9860 Aurora'),(19,'Daugherty','Dayana',46,'33A Greenfelder Trace Apt. 574, Poblacion, Iligan 6655 Tawi-Tawi'),(20,'Wilderman','Josie',27,'58A Cronin Flats Apt. 070, Trento 7525 Marinduque'),(21,'Cormier','Jackeline',25,'32/80 Rath Stravenue Suite 490, Poblacion, Roxas 6249 Aurora'),(22,'Emmerich','Gilberto',4,'82A Volkman Plains, Dingalan 2465 Ilocos Sur'),(23,'Schimmel','Andre',17,'92 Waters Glen, Paete 3177 Bulacan'),(24,'Johns','Waldo',50,'79A Boyle Cliff Apt. 858, Poblacion, Malolos 0022 Mountain Province'),(25,'Moore','Terence',43,'56A/19 Ratke Land Apt. 684, Poblacion, Makati 0921 Surigao del Norte'),(26,'Adams','Deondre',9,'83A/84 Raynor Cove Apt. 682, Talisay City 2201 Zamboanga del Norte'),(27,'Veum','Brain',6,'52A Predovic Vista, Poblacion, Borongan 5901 Iloilo'),(28,'Smitham','Meaghan',31,'21A Prohaska Run, San Vicente 1144 Camarines Sur'),(29,'Gislason','Keeley',41,'55A/36 O\'Keefe Lock, Poblacion, Panabo 0968 Nueva Ecija'),(30,'West','Jed',17,'08A O\'Kon Gateway Apt. 766, Mariveles 9406 Albay'),(31,'Beier','Toni',13,'83A/44 Torp Row, Poblacion, Canlaon 0819 Agusan del Norte'),(32,'Considine','Dariana',1,'98/86 Bode Pine, Poblacion, San Carlos 3152 Sulu'),(33,'Considine','Monte',28,'16/33 Gaylord Field, Katipunan 0846 La Union'),(34,'Klocko','Corbin',2,'77A/04 Roberts Hollow Suite 728, Dupax del Sur 3074 Occidental Mindoro'),(35,'Beahan','Lowell',23,'35/50 Armstrong Forges, Poblacion, Roxas 9527 Benguet'),(36,'Jacobs','Anita',48,'48A/28 Raynor Cliff, Esperanza 4795 Nueva Ecija'),(37,'Little','Oswaldo',7,'33 Wolf Drive, Poblacion, Bais 6259 Isabela'),(38,'Schultz','Ryder',7,'72A/26 Conn Green Apt. 443, Poblacion, Calamba 6760 Maguindanao'),(39,'Ryan','Lila',38,'50/76 Frami Club Apt. 547, Poblacion, Gingoog 7419 Guimaras'),(40,'Bartoletti','Vito',6,'52 Kuvalis Corner Apt. 642, Poblacion, Sagay 7244 Metro Manila'),(41,'Kuhn','Tate',46,'39A Hayes Run Apt. 319, Bacolod City 1460 Quirino'),(42,'Grant','Wilford',1,'28/16 Heaney Alley, Pilar 9776 Surigao del Norte'),(43,'Hackett','Wallace',5,'89 Mohr Prairie, Poblacion, Tanauan 1268 Davao del Norte'),(44,'Hagenes','Steve',9,'27 Blanda Junction, Mabitac 8480 South Cotabato'),(45,'Witting','Evans',30,'21A/99 Steuber Cape, Inabanga 3060 Iloilo'),(46,'Wiegand','Isadore',48,'88/41 Eichmann Burgs, Bauan 7454 Batangas'),(47,'Boyle','Mozelle',16,'58 Pacocha Mews, Poblacion, Manila 4883 Batanes'),(48,'Dare','Skye',22,'96 Pfannerstill Place Suite 209, Barobo 4969 Nueva Vizcaya'),(49,'Rolfson','Brendon',2,'93A/64 Mann Spur, Poblacion, Isabela 9379 Sulu'),(50,'Barrows','Sterling',6,'11 Haley Stream Suite 513, Poblacion, Angeles 4431 Capiz'),(51,'Dooley','Dolly',17,'15/12 Kuhn Green, Butig 2247 Cotabato'),(52,'Anderson','Judson',17,'85A/53 Rosenbaum Orchard Apt. 667, Paracelis 8682 Bukidnon'),(53,'Funk','Leonardo',23,'19/97 Stehr Trail Apt. 758, Poblacion, Muntinlupa 1725 Pangasinan'),(54,'Schamberger','Julianne',41,'82A Abshire Divide, Poblacion, Naga 1787 Zamboanga Sibugay'),(55,'O\'Reilly','Conner',30,'53/83 Sporer Stream Apt. 425, Bumbaran 4894 Leyte'),(56,'Crooks','Braulio',1,'41A Heidenreich Turnpike, Poblacion, Toledo 6642 Lanao del Norte'),(57,'Hane','Eugene',17,'68A Keeling Crossroad Apt. 132, Zamboanguita 1109 Biliran'),(58,'Halvorson','Emely',18,'22A Kuvalis Manor Apt. 455, Argao 4051 Southern Leyte'),(59,'Schamberger','Trenton',16,'90A/58 Reynolds Branch Suite 241, Sibunag 5354 Quirino'),(60,'Mosciski','Haskell',49,'63A Shields Ports, Anda 6357 Davao del Sur'),(61,'Kshlerin','Coleman',11,'81 Jacobi Ramp, Sevilla 2076 Benguet'),(62,'Howe','Hulda',26,'81A Altenwerth Creek Suite 824, Poblacion, Iloilo City 5629 Bukidnon'),(63,'Nienow','Jevon',48,'03A Zemlak Fork, Antipas 7802 Zamboanga del Norte'),(64,'Carroll','Murl',50,'18 Lehner Port, Libertad 4833 Ilocos Sur'),(65,'Howell','Skylar',36,'78A/43 Lockman Island Apt. 178, Josefina 4180 Batanes'),(66,'Carroll','Newell',15,'93A/05 Ernser Plain Suite 609, Inopacan 4789 Basilan'),(67,'Skiles','Hans',19,'61A/07 Hintz Crossing Suite 237, Poblacion, Tagaytay 1191 Catanduanes'),(68,'Ratke','Christine',11,'45A Gorczany Route, Poblacion, San Carlos 9781 Quezon'),(69,'Klein','Karen',29,'71A/48 Kassulke Underpass Apt. 201, Poblacion, San Fernando 2218 Zamboanga Sibugay'),(70,'Padberg','Catherine',36,'96A Zemlak River, Poblacion, Batac 0256 Batanes'),(71,'Wilkinson','Florence',48,'86/29 Mann Cove Apt. 415, Poblacion, Cabadbaran 1084 Laguna'),(72,'Purdy','Mitchell',2,'16 Leuschke Lock, Bagabag 3640 Masbate'),(73,'Leuschke','Sigmund',26,'98 O\'Keefe Estates, Tudela 5975 Davao Oriental'),(74,'Beer','Mia',47,'70/70 Wiza Bypass Apt. 110, Poblacion, Cavite City 8219 Aklan'),(75,'Zboncak','Ila',17,'68 McClure Mount Apt. 649, Poblacion, Tacurong 2406 Camarines Norte'),(76,'Schroeder','Viola',15,'16/14 Dare Isle, Poblacion, Carcar 8981 Laguna'),(77,'Larkin','Kellen',12,'24 Wilderman Brooks, Poblacion, Baguio 9314 Zambales'),(78,'Ledner','Harry',13,'37 Gislason Skyway, Palayan City 7532 Biliran'),(79,'Kreiger','Erling',12,'22 Trantow Lake, Poblacion, Mandaluyong 8305 Palawan'),(80,'Lowe','Raul',39,'71 Littel Village, Poblacion, Tandag 7658 Lanao del Sur'),(81,'Wunsch','Lia',3,'12A Zulauf Forks, San Fernando 5493 Sarangani'),(82,'Wilderman','Duane',15,'33 Treutel Court, Poblacion, Tacurong 7061 Abra'),(83,'Abernathy','Hillary',43,'77A Funk Hill Apt. 763, Kayapa 3993 Zamboanga del Norte'),(84,'Rohan','Llewellyn',35,'64A Pouros Shoal Suite 150, Poblacion, Parañaque 0068 Davao del Norte'),(85,'Brakus','Mariah',10,'87A/35 Bogan Forks, Poblacion, Ozamiz 6365 Cagayan'),(86,'Schaden','Sister',49,'42 Wisoky Groves Apt. 700, Poblacion, Bayugan 6593 La Union'),(87,'Nader','Emmanuel',8,'37A/03 McCullough Road Suite 775, Poblacion, Digos 6274 Samar'),(88,'Muller','Thelma',33,'94/20 Blick Haven, Poblacion, Caloocan 6882 Romblon'),(89,'Hessel','Edwin',14,'47 Toy Court Apt. 561, Davao City 8079 Camarines Sur'),(90,'Lebsack','Willa',31,'25A Armstrong Route Apt. 207, Guindulman 6925 Sulu'),(91,'Pacocha','Chloe',41,'94/46 Parisian Squares Apt. 706, Poblacion, Bayugan 1075 Cotabato'),(92,'Kuhic','Peyton',11,'33A/52 Willms Underpass Suite 273, General Luna 7543 Lanao del Sur'),(93,'Will','Shanny',37,'85A/50 Runolfsdottir Burg Apt. 335, President Carlos P. Garcia 8366 Zambales'),(94,'Walker','Calista',5,'29 Dicki Trail, Lagawe 4538 Lanao del Norte'),(95,'Veum','Preston',1,'30 Wuckert Ford, Masbate City 2624 Cebu'),(96,'Jenkins','Cornell',11,'78 Jerde Parkway, Quezon 7097 Cavite'),(97,'Yost','Fabiola',22,'36/20 Johns Circles, Biri 7029 Compostela Valley'),(98,'Bins','Cheyenne',4,'19/70 Hills Corners Suite 649, Poblacion, Panabo 2664 Bulacan'),(99,'Kihn','Gail',28,'88 Quigley Burg, Poblacion, Bogo 5492 Batangas'),(100,'O\'Reilly','Price',42,'68A Mraz Fords, El Salvador City 4871 Pampanga'),(101,'Witting','Frederique',16,'73/75 Kerluke Track Suite 248, Poblacion, Baybay 2882 Ifugao'),(102,'Koss','Wellington',28,'84A Schumm Rest, Poblacion, Catbalogan 4887 Albay'),(103,'Wisoky','Hattie',4,'57A/99 Bernhard Keys, Poblacion, Bayawan 2323 Surigao del Norte'),(104,'Gottlieb','Hannah',24,'20A/42 Kautzer Views, Monreal 0270 Sarangani'),(105,'Lakin','Kayden',28,'35 Langosh Stream, Poblacion, Cadiz 4287 Aurora'),(106,'Wintheiser','Gayle',29,'98 Bailey Circle, Poblacion, Bacoor 0301 Basilan'),(107,'Watsica','Jensen',8,'57A/50 Heathcote Crossroad Suite 240, Pamplona 9619 Tawi-Tawi'),(108,'Daniel','Ressie',14,'45/28 Kutch Dale Suite 957, Capas 4177 Sultan Kudarat'),(109,'Fay','Ralph',2,'92A Ebert Drive, Poblacion, Masbate City 2981 Bataan'),(110,'Stoltenberg','Rubie',32,'67/73 Sporer Ramp, Pila 7383 Marinduque'),(111,'Russel','Norbert',45,'74A/19 Price Village Suite 381, Poblacion, San Jose del Monte 8397 Biliran'),(112,'Tromp','Vincenzo',48,'88A/94 Turcotte Mews Apt. 457, Poblacion, Muntinlupa 1781 Ilocos Sur'),(113,'Herman','Demetris',44,'37/66 Nienow Fords, Poblacion, Muñoz 4616 Laguna'),(114,'Gorczany','Owen',23,'53A Cartwright Falls Suite 789, Poblacion, Toledo 7173 Agusan del Norte'),(115,'Quigley','Dovie',19,'84A Prohaska Dam Apt. 565, Poblacion, Tayabas 5350 Guimaras'),(116,'Prohaska','Bradly',9,'53 Lemke Way Suite 487, Culasi 8736 Quezon'),(117,'Johns','Branson',48,'86/15 Wiegand Junctions, Bayambang 7958 Catanduanes'),(118,'Doyle','Bernadine',29,'03A/90 Lindgren Courts Suite 641, Poblacion, Davao City 7869 Lanao del Sur'),(119,'Carroll','Audra',33,'15A/38 Kautzer Road, Burdeos 9847 Bohol'),(120,'Bode','Edward',47,'23A Waters Knolls Apt. 843, Zamboanguita 5812 Camarines Sur'),(121,'Purdy','Vance',7,'92A/47 Stokes Key Suite 065, Mabitac 5848 Davao del Norte'),(122,'Pouros','Joyce',12,'10A/12 Kshlerin Drive, Poblacion, Tuguegarao 0178 Antique'),(123,'Upton','Bernard',32,'87 Kessler Cape, Poblacion, Biñan 2304 Misamis Occidental'),(124,'Spencer','Logan',46,'41/19 Hodkiewicz Throughway, Poblacion, Tanauan 1050 Oriental Mindoro'),(125,'Mraz','Camron',6,'84A Spinka Pines Suite 563, Poblacion, Escalante 6604 Marinduque'),(126,'Goyette','Claud',42,'90A/92 Gorczany Underpass Apt. 313, Poblacion, Trece Martires 2844 Samar'),(127,'Ondricka','Roberto',9,'99A/18 Wisoky Station, Sigay 1277 Zamboanga Sibugay'),(128,'Mann','Alberta',18,'55A/31 Gislason Mountain Suite 322, Santo Niño 3545 Bulacan'),(129,'D\'Amore','Yadira',28,'57A Schroeder Dam Suite 057, Poblacion, Imus 8505 Samar'),(130,'Willms','Isabelle',30,'91/64 Hayes Trail Apt. 675, Poblacion, Parañaque 5519 Surigao del Norte'),(131,'Bartell','Nathaniel',31,'66A/69 Leannon Meadows, Mabini 1027 Sultan Kudarat'),(132,'Morissette','Alda',25,'99A McCullough Drives, Poblacion, Zamboanga City 6643 Surigao del Sur'),(133,'Hammes','Vada',24,'34A Considine Landing, Poblacion, Isabela 8196 Isabela'),(134,'Douglas','Valerie',26,'56A Swift Rue Suite 296, Poblacion, Marawi 7507 Biliran'),(135,'Kulas','Patricia',3,'27/12 Hermann Freeway Apt. 458, Ramon 6225 Batangas'),(136,'DuBuque','Janick',43,'53 Kulas Station, Poblacion, Alaminos 7160 Zamboanga del Norte'),(137,'Reynolds','Darby',20,'11A/56 Koepp Burgs Apt. 754, Poblacion, San Jose 1100 Camarines Sur'),(138,'Prosacco','Jordy',29,'57/72 Moen River Suite 356, Poblacion, Urdaneta 1253 Northern Samar'),(139,'Zboncak','Nola',15,'27 Casper Knoll, Jordan 8003 Occidental Mindoro'),(140,'Ratke','Lesly',39,'87 Skiles Viaduct, Poblacion, Santiago 6865 Quezon'),(141,'Yost','Mariela',49,'13A Barrows Shoals, Poblacion, Pagadian 2802 Biliran'),(142,'Wunsch','Dixie',29,'13/18 Boyer Court, Poblacion, Pasay 8545 Ifugao'),(143,'Hayes','Ervin',44,'56 Carroll Fork Suite 051, Poblacion, Gapan 1125 Compostela Valley'),(144,'Kemmer','Litzy',8,'84A/97 Roberts Crossroad Apt. 669, Poblacion, Bislig 7978 Sorsogon'),(145,'Sporer','Opal',30,'78/31 Gleason Avenue, Poblacion, Navotas 9456 Lanao del Sur'),(146,'Bogisich','Stanton',35,'57A/52 McGlynn Turnpike, Poblacion, Pasay 4560 Pampanga'),(147,'Murray','Ottilie',4,'17A/45 Von Islands, Manjuyod 3380 Camarines Sur'),(148,'Green','Joanny',39,'78A Becker Locks Suite 860, San Fernando 5437 Sultan Kudarat'),(149,'Moore','Trudie',40,'86/73 Davis Lane Suite 077, Linamon 4610 Camarines Sur'),(150,'Windler','Thora',35,'29A/34 Hudson Knoll Suite 564, Peñablanca 3771 Lanao del Norte'),(151,'Ruecker','Enola',6,'15A Muller River Apt. 554, Manapla 7099 Bataan'),(152,'Anderson','Francisco',17,'36 Barton Mount, Burauen 4628 Apayao'),(153,'Schamberger','Jarrod',14,'92 Cremin Court, Gandara 4099 Romblon'),(154,'Ebert','Alia',37,'56A Thiel Crossroad, Sikatuna 9482 Cotabato'),(155,'Beier','Marina',35,'03A Robel Junctions Apt. 766, Aglipay 2028 Quezon'),(156,'Predovic','Earl',48,'88A Flatley Port, Santa Monica 1675 Iloilo'),(157,'Haley','Linda',19,'35A Douglas Fords Suite 073, Poblacion, Bais 4067 Guimaras'),(158,'Mann','Adrienne',20,'16A Kuhn Mountains, Parang 5500 Albay'),(159,'Keebler','Myrtle',34,'41/34 Haley Spur, Paombong 2238 Quezon'),(160,'Vandervort','Samara',21,'64A Huels Shoals, Poblacion, San Carlos 5775 Tawi-Tawi'),(161,'Brekke','Ida',26,'64 Fahey Meadows, Poblacion, San Pedro 9444 Sorsogon'),(162,'Conroy','Shawna',33,'62/71 Howell Stream Suite 661, Dinapigue 1036 Pampanga'),(163,'Medhurst','Isaac',31,'60A Skiles Pine, Poblacion, Pagadian 8231 Basilan'),(164,'Quitzon','Llewellyn',33,'54/55 Lueilwitz Hill Apt. 536, Baroy 7666 Maguindanao'),(165,'King','Kylie',23,'16/87 Emard Terrace, Poblacion, Quezon City 2838 Cavite'),(166,'Schulist','Nelda',47,'39A/68 Doyle Inlet Suite 972, Dagami 8449 Sultan Kudarat'),(167,'O\'Kon','Adan',13,'57 Bernhard Prairie, Poblacion, Puerto Princesa 9513 La Union'),(168,'Bechtelar','Chyna',18,'79 Cronin Lodge Suite 462, Mansalay 8441 Davao del Sur'),(169,'Hane','Thea',22,'76A Gerlach Ville, Poblacion, Canlaon 0944 Ilocos Sur'),(170,'Leuschke','Lia',11,'21 Raynor Gardens, Poblacion, Quezon City 1794 Agusan del Sur'),(171,'Mueller','Arne',25,'76A Schumm Locks, Libertad 1698 Ifugao'),(172,'Ebert','Stephany',12,'98/95 Bode Pass Suite 811, Poblacion, Dasmariñas 4121 Surigao del Norte'),(173,'Ortiz','Reynold',5,'14A/30 Gutmann Fords Apt. 766, Poblacion, Roxas 0656 Pampanga'),(174,'Gutkowski','Gideon',34,'96A/11 Feil Ferry, Poblacion, Dumaguete 4300 Bulacan'),(175,'Bartell','Katharina',12,'04A Steuber Bridge Apt. 607, Banna 7356 Sulu'),(176,'Kautzer','Diamond',7,'76 Gibson Vista Apt. 232, Poblacion, Guihulngan 5328 Antique'),(177,'Von','Alvena',7,'79A Armstrong Ford, Donsol 3307 Zamboanga Sibugay'),(178,'Leannon','Tyson',34,'05A Smith Circle, Poblacion, San Jose 3307 Capiz'),(179,'Braun','Shirley',3,'97/88 Franecki Springs, Poblacion, Iligan 7973 Quezon'),(180,'Maggio','Rachelle',38,'22 Schaefer Track, Poblacion, Caloocan 1551 Basilan'),(181,'Wyman','Allene',37,'10/58 Wiegand Green, Poblacion, San Juan 2795 Negros Occidental'),(182,'Fadel','Erica',15,'81 McClure Mountain Suite 856, Poblacion, Caloocan 2960 Northern Samar'),(183,'Bashirian','Gerry',1,'10A Rohan Lakes Apt. 923, Ilagan City 0634 Eastern Samar'),(184,'Abshire','Roman',24,'57A/82 Grady Drives Suite 326, Dumalinao 9578 Lanao del Norte'),(185,'Prohaska','Abbey',19,'78A Batz Crossroad Apt. 748, Poblacion, Lamitan 3360 Pampanga'),(186,'Daniel','Augustine',33,'97A/02 Mann Square Apt. 574, Poblacion, Urdaneta 0540 Batanes'),(187,'Glover','Daisy',45,'33 Will Common Apt. 664, Hamtic 8712 Quezon'),(188,'Howell','Vince',32,'98A Wehner Roads Apt. 540, Poblacion, Cabuyao 8842 Agusan del Norte'),(189,'Collins','Jarrell',34,'90/38 Pacocha Cliff Suite 977, Umingan 8568 Benguet'),(190,'Beer','Jesus',2,'77 Cummings Route, Poblacion, Legazpi 2602 Siquijor'),(191,'Fritsch','Gregory',35,'13 Bergstrom Alley, Nasipit 9372 Sorsogon'),(192,'Sawayn','Keyshawn',21,'44 Hills Street Apt. 084, Poblacion, Parañaque 3764 Cagayan'),(193,'Sawayn','Merle',47,'15/85 Gerlach Street Suite 081, Lal-lo 9778 Misamis Occidental'),(194,'Bahringer','Lenna',10,'90/17 Hayes Junctions Suite 270, Balbalan 3094 Dinagat Islands'),(195,'Stamm','Shane',16,'49 Howe Forges, Poblacion, Laoag 5621 Kalinga'),(196,'Rodriguez','Stacy',5,'17/94 Gleichner Route, Poblacion, Maasin 8315 Camarines Sur'),(197,'Strosin','Zaria',23,'52/65 Bahringer Crossing Apt. 956, Tukuran 7049 Marinduque'),(198,'Cruickshank','Nannie',29,'96A/41 Volkman Ranch Apt. 164, Pola 4020 Cagayan'),(199,'Hegmann','Brian',42,'84/73 Ruecker Junctions Suite 102, Marilao 8333 Aurora'),(200,'Batz','Leonel',19,'87/65 Stokes Islands Suite 559, Loon 8957 Negros Oriental');
/*!40000 ALTER TABLE `employee` ENABLE KEYS */;
UNLOCK TABLES;

--
-- Table structure for table `office`
--

DROP TABLE IF EXISTS `office`;
/*!40101 SET @saved_cs_client     = @@character_set_client */;
/*!50503 SET character_set_client = utf8mb4 */;
CREATE TABLE `office` (
  `id` int NOT NULL,
  `name` varchar(100) NOT NULL,
  `contactnum` varchar(20) DEFAULT NULL,
  `email` varchar(100) DEFAULT NULL,
  `address` varchar(255) DEFAULT NULL,
  `city` varchar(100) DEFAULT NULL,
  `country` varchar(100) DEFAULT NULL,
  `postal` varchar(20) DEFAULT NULL,
  PRIMARY KEY (`id`)
) ENGINE=InnoDB DEFAULT CHARSET=utf8mb4 COLLATE=utf8mb4_0900_ai_ci;
/*!40101 SET character_set_client = @saved_cs_client */;

--
-- Dumping data for table `office`
--

LOCK TABLES `office` WRITE;
/*!40000 ALTER TABLE `office` DISABLE KEYS */;
INSERT INTO `office` VALUES (1,'Zieme, Grant and Dickens','765-251-102','gerlach.megane@emard.com','88A Thiel Burg','Balanga','Philippines','2642'),(2,'Reichert LLC','461-267-123','marty16@mcdermott.net','93A Baumbach Station Apt. 941','Bogo','Philippines','9834'),(3,'Christiansen-West','363-733-103','dave.dietrich@zulauf.net','97 Erdman Locks','Guihulngan','Philippines','7310'),(4,'Crooks Group','665-334-351','breitenberg.jed@rutherford.net','58A/10 Kreiger Trafficway Suite 540','Tandag','Philippines','1828'),(5,'Powlowski and Sons','057-598-943','lschoen@sanford.com','46 Hagenes Branch','El Salvador','Philippines','9092'),(6,'Nikolaus-Wilkinson','224-013-381','eloise.denesik@dickinson.com','53/70 Shields Harbors Suite 913','Malolos','Philippines','5712'),(7,'Cremin, Cummerata and Ondricka','292-531-733','qstreich@jones.com','57A/07 Mosciski Hollow Suite 490','Cabanatuan','Philippines','3164'),(8,'Trantow, Flatley and Beahan','790-820-739','wshields@jacobi.com','85/96 Boyer Centers','Cotabato City','Philippines','0454'),(9,'Stokes Ltd','449-430-667','kareem.schmidt@jenkins.com','19 Hyatt Overpass Apt. 568','Surigao City','Philippines','1296'),(10,'Keebler-O\'Reilly','593-065-855','orn.deondre@daugherty.biz','20A Wehner Landing','Cabanatuan','Philippines','2900'),(11,'Klein-Schuster','079-345-010','cvon@cronin.info','54A Denesik Wells','Muntinlupa','Philippines','1016'),(12,'Senger PLC','128-293-845','claudine33@cummings.net','64 Jerde Street Suite 020','El Salvador','Philippines','2938'),(13,'Zboncak PLC','410-011-816','dax.altenwerth@botsford.com','33/90 Howe Square Suite 897','Himamaylan','Philippines','4131'),(14,'Ruecker-Zboncak','151-703-851','medhurst.sabina@bailey.org','80 Schmidt Station','Batac','Philippines','6888'),(15,'Feest Group','225-763-852','gudrun.huels@kreiger.com','23A/49 Barrows Summit','Tangub','Philippines','0045'),(16,'Fahey-Deckow','062-540-124','roscoe.shanahan@predovic.net','24 Effertz Rapid Suite 613','Escalante','Philippines','6036'),(17,'Schulist, Bartoletti and Mohr','927-446-180','ufeil@swift.info','72 Emmerich Turnpike Apt. 048','El Salvador','Philippines','2373'),(18,'Crooks PLC','456-747-071','sawayn.immanuel@beer.com','46A Boyer Common','Gingoog','Philippines','1095'),(19,'Gislason, Haley and Windler','274-776-279','geraldine30@graham.org','80A Abernathy Village Suite 383','Imus','Philippines','9024'),(20,'Schaefer Ltd','558-142-326','irodriguez@mueller.org','29A Windler Valleys Apt. 598','Kabankalan','Philippines','7027'),(21,'Wilderman-Mraz','220-565-133','jermey68@reichel.net','88/15 Watsica Loop','Legazpi','Philippines','5353'),(22,'Sporer-Durgan','502-172-524','jacklyn.koepp@hettinger.biz','40A/83 Morar Court Apt. 595','Vigan','Philippines','4467'),(23,'Hagenes, Beatty and Thiel','489-570-480','vella21@bins.com','54A McClure Neck','Ormoc','Philippines','6268'),(24,'Price PLC','231-806-655','bell32@gulgowski.net','70 Botsford Viaduct','Navotas','Philippines','3360'),(25,'Hegmann LLC','222-750-962','ukautzer@weimann.com','55A Macejkovic Fork','Tabaco','Philippines','3916'),(26,'Harris, Grimes and Davis','744-248-056','rlabadie@mertz.info','55A/81 Robel Union','Marikina','Philippines','9985'),(27,'Hand Ltd','471-722-531','pcartwright@kuhn.net','31A/08 Harber Fort Suite 127','Manila','Philippines','7154'),(28,'Schulist-Mitchell','321-901-076','zbogan@stehr.biz','09A/90 Kub Ways','Marawi','Philippines','4716'),(29,'Oberbrunner-Hettinger','564-097-639','hettinger.esta@osinski.info','49A Beer Curve Suite 339','Gapan','Philippines','2756'),(30,'Rogahn, Hagenes and Klein','816-079-809','kihn.estell@sauer.com','66A Gerlach Knolls Suite 909','Isabela','Philippines','3828'),(31,'Toy, Effertz and Wolf','419-110-850','dayna.mertz@murazik.com','43A Jacobi Square','Masbate City','Philippines','7481'),(32,'Towne Inc','744-745-921','retha.pfannerstill@medhurst.org','81A/23 Lubowitz Rest','Cotabato City','Philippines','1301'),(33,'Boyle, Turner and Feest','798-880-152','ubaldo30@padberg.com','61 Kuhlman Spring','Tacurong','Philippines','1999'),(34,'Harber-Dicki','861-275-209','witting.maryse@osinski.com','86/15 Yost Stravenue','Tarlac City','Philippines','2973'),(35,'Trantow and Sons','250-392-329','tressa33@lemke.com','31A/61 Osinski Greens','Antipolo','Philippines','3101'),(36,'Schumm, Douglas and Barrows','964-073-962','pdach@braun.info','37/94 Smitham Points','Tangub','Philippines','2342'),(37,'Rolfson-Lebsack','837-154-329','paucek.jeanie@wehner.org','17/80 Farrell Manors Apt. 092','Lamitan','Philippines','1209'),(38,'Rutherford Ltd','624-149-252','karson34@kuhlman.biz','87/17 Casper Keys Suite 833','Zamboanga City','Philippines','4010'),(39,'Dickinson, Gulgowski and Strosin','822-408-924','harvey01@koelpin.com','43A Zieme Ville','Cavite City','Philippines','1139'),(40,'Nader-Cummerata','855-031-474','beahan.howell@renner.com','15/30 Sawayn Trace','Calbayog','Philippines','8449'),(41,'Mosciski Ltd','087-023-053','windler.peggie@koch.com','56A Kunze Mountains','Samal','Philippines','8023'),(42,'Stehr Group','513-257-737','larue.bogisich@lynch.net','97A Schimmel Harbors','Carcar','Philippines','0433'),(43,'Reilly and Sons','696-983-463','yleannon@funk.info','90/83 Oberbrunner Overpass Suite 926','Talisay','Philippines','1570'),(44,'Klein-Hoppe','711-313-779','slangosh@heidenreich.com','22A/03 Bins Centers','Trece Martires','Philippines','9457'),(45,'Strosin PLC','200-811-419','balistreri.kennith@kassulke.com','26A/91 Brown Trafficway Apt. 510','Cabanatuan','Philippines','7067'),(46,'Zboncak Inc','044-034-531','connelly.hubert@raynor.com','34/46 Parisian Estates','Tandag','Philippines','5079'),(47,'Smith Ltd','830-792-620','kbahringer@schroeder.com','92A/19 King Rapid','Masbate City','Philippines','0376'),(48,'Funk, Mante and Von','226-161-941','annetta.bartell@kemmer.info','51A Will Mountains','Tabuk','Philippines','7080'),(49,'Wilderman Inc','396-975-195','candace63@ernser.info','43A Nitzsche Extension','Dagupan','Philippines','1536'),(50,'Beahan-Hand','584-203-079','tkautzer@hessel.com','41/62 Wiegand Green','Dumaguete','Philippines','7206');
/*!40000 ALTER TABLE `office` ENABLE KEYS */;
UNLOCK TABLES;

--
-- Table structure for table `transaction`
--

DROP TABLE IF EXISTS `transaction`;
/*!40101 SET @saved_cs_client     = @@character_set_client */;
/*!50503 SET character_set_client = utf8mb4 */;
CREATE TABLE `transaction` (
  `id` int NOT NULL,
  `employee_id` int DEFAULT NULL,
  `office_id` int DEFAULT NULL,
  `datelog` datetime NOT NULL,
  `action` varchar(50) NOT NULL,
  `remarks` text,
  `documentcode` varchar(20) DEFAULT NULL,
  PRIMARY KEY (`id`),
  KEY `employee_id` (`employee_id`),
  KEY `office_id` (`office_id`),
  CONSTRAINT `transaction_ibfk_1` FOREIGN KEY (`employee_id`) REFERENCES `employee` (`id`),
  CONSTRAINT `transaction_ibfk_2` FOREIGN KEY (`office_id`) REFERENCES `office` (`id`)
) ENGINE=InnoDB DEFAULT CHARSET=utf8mb4 COLLATE=utf8mb4_0900_ai_ci;
/*!40101 SET character_set_client = @saved_cs_client */;

--
-- Dumping data for table `transaction`
--

LOCK TABLES `transaction` WRITE;
/*!40000 ALTER TABLE `transaction` DISABLE KEYS */;
INSERT INTO `transaction` VALUES (1,1,34,'2024-10-20 05:56:48','Create','Id saepe id qui et magni odit voluptas distinctio aut.','DOC-4524-XBY'),(2,172,12,'2024-12-26 05:42:14','Delete','Alias perferendis deserunt soluta suscipit modi dignissimos molestiae consectetur occaecati optio libero molestias et.','DOC-2069-EHO'),(3,113,44,'2023-03-18 12:14:35','Submit','Est illo enim eaque sunt explicabo nobis exercitationem unde repellat rem aut consequatur.','DOC-3811-PHR'),(4,26,38,'2023-06-21 06:09:49','Submit','Veniam qui aliquid est in quod similique laborum esse deleniti eveniet.','DOC-7941-IKJ'),(5,88,33,'2024-12-02 04:52:46','Reject','Eaque aut dolor repellendus autem ratione consequatur et qui ipsum officia dolor aut.','DOC-0918-KKK'),(6,57,17,'2023-09-18 04:21:25','Submit','Maiores occaecati possimus optio facere sed libero quo incidunt ut vero nihil.','DOC-7394-PRB'),(7,102,28,'2024-10-09 16:49:46','Create','Debitis harum labore perspiciatis aspernatur est perferendis perferendis corrupti.','DOC-0038-ZVR'),(8,97,22,'2023-10-15 01:36:07','Reject','Labore omnis eaque iusto nemo dolore fugiat.','DOC-1646-LLT'),(9,79,13,'2024-03-10 06:37:57','Reject','Vitae voluptas voluptatem est voluptate sequi quo qui.','DOC-9727-WUI'),(10,106,29,'2023-06-08 01:22:52','Reject','Consectetur optio aliquam ut veniam laboriosam eos.','DOC-6679-NJY'),(11,93,22,'2023-09-13 18:34:42','Delete','Qui quasi ratione in qui autem architecto voluptas deleniti magnam aut delectus.','DOC-2733-HRM'),(12,154,37,'2023-11-19 09:56:22','Update','Voluptate est nemo sunt consequatur dignissimos accusamus consequatur quasi voluptatem laboriosam quae aut dolor.','DOC-9731-TLP'),(13,34,2,'2023-11-29 04:13:42','Delete','Laborum distinctio eaque illum id ipsa aut.','DOC-6607-TRP'),(14,61,11,'2024-03-09 20:15:54','Read','In et magnam est dignissimos rerum quo et et ullam.','DOC-4702-AGG'),(15,197,12,'2024-06-26 11:03:40','Submit','Accusantium velit voluptatibus ipsa nostrum explicabo quo.','DOC-0955-KQR'),(16,29,41,'2023-09-15 23:35:35','Read','Fuga culpa commodi sed mollitia minima vero saepe error.','DOC-1394-SJH'),(17,88,48,'2023-11-18 17:44:03','Delete','Modi dolorum rerum quia voluptatem eos quia et error nemo.','DOC-4732-LGS'),(18,112,48,'2023-05-10 21:19:54','Submit','Quidem rerum aut error magni animi consequuntur quia nemo et sit voluptatem.','DOC-0297-FTJ'),(19,68,10,'2023-07-03 10:21:34','Create','Vel quia exercitationem debitis nobis aspernatur sunt nemo velit ex dicta modi facere illo.','DOC-3560-III'),(20,67,35,'2023-12-23 09:11:46','Read','Reprehenderit at id adipisci officiis culpa voluptas.','DOC-2947-DUL'),(21,46,4,'2024-06-24 12:12:26','Read','Itaque reprehenderit suscipit maxime fugit natus dolor temporibus sequi autem velit dignissimos sunt nihil.','DOC-4705-TGQ'),(22,107,45,'2024-02-06 11:12:22','Delete','Sed modi qui labore alias rerum non beatae distinctio assumenda aliquid optio.','DOC-5275-JJI'),(23,53,2,'2024-11-16 00:36:48','Approve','Ut vero sequi optio nulla consequatur repudiandae dignissimos.','DOC-5776-AQK'),(24,175,12,'2024-10-10 22:59:34','Create','Iusto porro ea distinctio temporibus laborum dolorem consequatur qui.','DOC-1051-PIK'),(25,118,18,'2024-11-26 07:40:41','Reject','Voluptatibus voluptatum at aut consequatur voluptas rem sunt cupiditate eius laudantium consectetur.','DOC-1171-MYG'),(26,102,28,'2024-09-26 13:34:17','Reject','Quisquam sed aspernatur temporibus explicabo iste est voluptatum earum odio ut dolor quam.','DOC-2277-RMS'),(27,72,2,'2024-09-25 21:02:47','Approve','Quam cumque quibusdam ullam eveniet illum recusandae nam nihil quis.','DOC-0688-LHG'),(28,82,34,'2023-08-26 23:24:02','Read','Et at delectus doloribus iusto tempore optio hic expedita sint.','DOC-4992-TNC'),(29,96,11,'2024-11-29 09:06:59','Submit','Iste rem amet corporis commodi voluptatibus veniam et quasi doloribus nisi eveniet.','DOC-4231-TYJ'),(30,141,18,'2023-05-14 11:55:33','Submit','Assumenda sit assumenda hic nam adipisci architecto illo quidem aliquam inventore.','DOC-1497-DNY'),(31,113,44,'2023-11-08 02:01:23','Approve','Minus nihil sint vero officiis enim voluptas temporibus perspiciatis.','DOC-9051-HAC'),(32,17,42,'2023-12-04 12:53:17','Reject','Laborum sint molestias assumenda exercitationem doloribus magnam repudiandae.','DOC-4346-KJU'),(33,35,23,'2023-09-24 03:10:44','Delete','Esse aspernatur ea quis eaque et molestias iure.','DOC-1909-MQL'),(34,196,5,'2024-04-21 07:25:41','Delete','Architecto est accusamus quod delectus fuga in soluta sed porro vel.','DOC-1347-GCL'),(35,40,6,'2024-05-13 05:49:38','Approve','Qui doloremque porro sunt ut illo perferendis temporibus et ducimus aut dolorem ab.','DOC-1920-KGF'),(36,191,35,'2023-09-22 11:42:28','Delete','Enim recusandae autem tenetur voluptas reprehenderit sequi consequatur.','DOC-5470-TSK'),(37,189,34,'2023-03-07 18:19:52','Reject','Et ullam corrupti ad rerum doloremque ut natus.','DOC-4799-TQT'),(38,140,39,'2024-04-06 09:38:47','Reject','Rerum molestiae magni dolorem sed eligendi labore beatae debitis sunt exercitationem ut minus blanditiis.','DOC-4708-LTN'),(39,183,31,'2023-03-05 12:39:59','Approve','Commodi libero provident in id labore beatae sapiente aut aliquam ad officia aut molestiae.','DOC-9803-EGB'),(40,198,29,'2023-08-13 11:18:38','Reject','Aliquid molestias praesentium aut qui nam repellat aliquid ut autem accusantium.','DOC-8401-FFO'),(41,86,49,'2023-05-25 23:42:56','Submit','Velit et blanditiis saepe blanditiis nam veniam perspiciatis cupiditate suscipit ut.','DOC-0494-LHB'),(42,58,15,'2024-04-03 05:53:57','Submit','Itaque sint sit voluptatibus sed qui rerum facere et nemo necessitatibus quae.','DOC-1833-BOT'),(43,29,41,'2023-10-07 10:07:13','Reject','Ab enim enim reiciendis aliquid quia deleniti corporis sit maiores fuga.','DOC-6590-ZXQ'),(44,104,38,'2024-12-27 15:35:33','Create','Fugiat rerum quis sit harum vel voluptate aut neque quisquam id.','DOC-8927-LWC'),(45,181,37,'2024-06-17 22:38:38','Reject','Similique quia occaecati quis qui rem aut minima eos modi.','DOC-5358-HMF'),(46,184,46,'2025-02-18 00:22:55','Create','Sunt non quod omnis saepe expedita velit dignissimos et iusto id beatae rem aut.','DOC-1308-XZJ'),(47,136,43,'2024-05-21 23:55:15','Approve','Voluptatum harum voluptates eum mollitia ipsum qui minima architecto voluptatibus nostrum et.','DOC-3035-MCU'),(48,171,25,'2023-08-31 13:24:46','Reject','Animi mollitia beatae sunt est aut omnis et a quo qui iste.','DOC-0456-DJU'),(49,76,15,'2024-09-10 17:38:18','Update','Deleniti quia ut qui qui neque est repudiandae.','DOC-5357-SSG'),(50,145,24,'2024-08-23 20:31:40','Submit','Molestias eos est enim omnis in nemo sed expedita.','DOC-8443-HKD'),(51,51,46,'2023-05-11 09:23:52','Submit','Soluta cum aut laboriosam unde molestias earum dolore est rem.','DOC-0790-HJL'),(52,197,23,'2024-09-18 10:36:16','Delete','Laboriosam mollitia aperiam repellat quibusdam quia earum.','DOC-3957-SPZ'),(53,24,50,'2024-11-30 12:09:58','Update','Ut repudiandae illum sed excepturi et soluta corrupti et magni.','DOC-1477-FHG'),(54,30,17,'2023-08-28 20:05:50','Read','Modi quibusdam quis et esse veritatis sed quidem voluptatum temporibus.','DOC-9041-IKE'),(55,187,45,'2024-11-29 16:26:48','Read','Fugiat eius est rem doloribus et dicta beatae optio ea.','DOC-2926-TLP'),(56,64,50,'2024-11-26 13:20:31','Review','Perferendis dolore unde ullam vel et sint laboriosam sit omnis qui sit.','DOC-9685-GQX'),(57,180,38,'2024-10-08 15:50:25','Create','Facere esse est atque eveniet aperiam facere quia excepturi.','DOC-0106-EKT'),(58,117,48,'2024-08-23 06:48:12','Create','Officia laborum laboriosam quasi tempore ut dolorem dolores similique.','DOC-7172-XXQ'),(59,156,48,'2023-05-14 18:28:59','Review','Doloremque ullam necessitatibus quis molestiae accusantium modi provident molestiae fugiat ad nemo rerum veritatis.','DOC-9730-GLZ'),(60,132,18,'2023-08-29 08:23:46','Reject','Quae et et praesentium similique et excepturi repudiandae dolorem eaque illum sed.','DOC-4210-GPD'),(61,119,33,'2024-04-23 11:36:36','Approve','Cum velit rerum quas sed hic unde ipsum temporibus sunt.','DOC-0124-TVG'),(62,188,32,'2023-07-26 18:49:58','Approve','Perspiciatis praesentium earum est vitae quaerat odit unde voluptate qui facilis modi.','DOC-9134-ZPD'),(63,42,1,'2023-04-23 03:45:06','Create','Ut quis dolorem nihil voluptatem ullam enim.','DOC-5663-THS'),(64,102,50,'2023-03-16 07:41:53','Create','Et qui nemo aut nisi aspernatur impedit rerum autem molestias consequatur et.','DOC-0395-PBG'),(65,38,30,'2024-12-21 10:53:09','Submit','Voluptas veniam ut ipsa autem ratione sed et similique.','DOC-3102-CYU'),(66,37,7,'2023-06-22 08:03:43','Delete','Excepturi architecto excepturi provident nam facere laborum.','DOC-9672-VQV'),(67,26,9,'2023-11-29 23:34:47','Delete','Animi omnis ut facere commodi voluptas veritatis et minus adipisci animi dolor quod minus.','DOC-9260-FTT'),(68,120,47,'2024-10-17 08:32:43','Submit','Minus necessitatibus voluptatum aliquid qui eos voluptas qui cumque facere.','DOC-9768-IWP'),(69,90,31,'2024-02-20 03:31:07','Reject','Ut tenetur quasi quod aut est sed qui ratione blanditiis repellat.','DOC-8188-EDB'),(70,112,48,'2023-10-03 03:44:22','Reject','Quia facere voluptatem sit quis possimus repellendus quia eos.','DOC-8700-JNR'),(71,181,37,'2023-03-04 20:25:43','Create','Labore corporis dolor autem quas dolores adipisci ratione numquam fuga molestias nihil possimus veritatis.','DOC-4297-XIY'),(72,99,24,'2024-08-11 14:11:31','Submit','Facere sed ex aut aspernatur iusto ducimus cum enim dolore.','DOC-8600-ZTE'),(73,176,7,'2023-04-19 23:02:45','Submit','Excepturi distinctio ut sed ab voluptatem dolorem voluptates minima.','DOC-1559-RWP'),(74,154,37,'2023-06-04 13:14:45','Approve','Quo quia eligendi id qui cumque neque repellendus accusamus quasi rerum.','DOC-4861-TVS'),(75,115,19,'2024-02-14 00:01:17','Read','At et consequatur sint earum est doloremque beatae sit optio impedit ut nostrum sunt.','DOC-8261-MGX'),(76,33,28,'2024-09-20 11:42:08','Reject','Facilis est ea quas vitae dolorem blanditiis sapiente et voluptatum nisi corporis ut.','DOC-6256-RVD'),(77,108,31,'2024-10-10 22:11:20','Reject','Perspiciatis quae deleniti et magni velit nobis eaque architecto quibusdam est voluptas voluptatem.','DOC-1431-BEZ'),(78,144,32,'2023-08-26 18:12:45','Create','Assumenda laborum ut ullam sit dolor veniam facilis veritatis.','DOC-9179-RCD'),(79,200,19,'2025-01-11 03:00:30','Reject','Aut et dignissimos illo aliquid nesciunt labore harum aperiam dolor harum perspiciatis corrupti.','DOC-7612-LTC'),(80,27,6,'2023-09-10 08:26:55','Submit','Qui molestias blanditiis quo incidunt et magnam pariatur quos assumenda asperiores quia rerum minus earum.','DOC-8282-YVS'),(81,64,41,'2023-12-01 01:02:41','Reject','Exercitationem eum tempore ullam quod voluptas temporibus officia blanditiis.','DOC-7101-MBU'),(82,160,21,'2024-04-28 11:02:53','Update','Quia modi iste qui qui consequatur vitae culpa maiores debitis enim inventore.','DOC-1945-TCR'),(83,33,28,'2023-10-10 00:18:07','Delete','Ex occaecati veritatis consectetur aut praesentium minima quia quam quia.','DOC-3740-CJE'),(84,57,17,'2024-10-22 06:13:50','Submit','Consequatur enim id quia maxime ad non ducimus voluptas provident cupiditate cupiditate rerum eum.','DOC-5825-GQJ'),(85,65,36,'2024-10-28 11:59:36','Approve','Voluptas aperiam ipsam accusamus voluptatem minus nemo aut ut id sunt voluptatum illum.','DOC-1006-YVH'),(86,41,46,'2024-09-14 01:38:04','Reject','Velit praesentium voluptatem est aut et veniam ea qui id quia mollitia ab.','DOC-7981-NGE'),(87,152,17,'2024-07-23 17:29:25','Reject','Enim voluptas illo cumque laudantium quo fugiat temporibus porro quaerat id natus soluta.','DOC-2604-ROF'),(88,50,6,'2023-10-08 06:07:47','Reject','Sapiente ipsa quos modi molestiae sit temporibus dolores voluptatem dolorum eligendi.','DOC-9565-YCW'),(89,112,48,'2024-10-25 00:00:31','Reject','Rerum aperiam rerum omnis eos dicta in est dignissimos dolorem molestiae nemo.','DOC-7091-MRS'),(90,147,4,'2023-03-03 10:03:27','Approve','Rerum quidem error vero sapiente optio et reprehenderit velit magni explicabo aut quis rerum.','DOC-7353-EDW'),(91,191,10,'2023-09-04 21:34:40','Reject','Reprehenderit omnis est molestiae recusandae voluptatem rem iusto laboriosam beatae sed quibusdam voluptates cupiditate.','DOC-6673-EMQ'),(92,14,13,'2023-05-17 09:19:33','Submit','Voluptatibus quod eum hic qui sed fugit numquam et tempore.','DOC-0953-WZE'),(93,166,47,'2023-08-06 21:28:59','Review','Voluptate quibusdam repellendus provident accusamus adipisci consequatur.','DOC-9459-GPS'),(94,26,9,'2023-06-08 19:56:13','Reject','Nostrum sed est veritatis nihil accusantium ipsa consequatur molestiae perferendis corrupti sed et.','DOC-9208-RHG'),(95,89,33,'2024-10-17 07:23:43','Reject','Blanditiis aliquid et ut sit non cupiditate non voluptatem quidem.','DOC-0695-ITB'),(96,191,35,'2024-06-27 06:49:30','Delete','Dolor voluptas omnis fuga optio ducimus placeat perferendis quo accusamus eos ab pariatur in.','DOC-3388-VNB'),(97,15,2,'2023-09-26 00:50:25','Review','Iste repellat tempora in quos totam eum asperiores quo qui perspiciatis et omnis.','DOC-3918-PAA'),(98,139,15,'2023-08-02 14:00:51','Review','Quis fuga error voluptas doloremque ea quia qui illo laboriosam ratione.','DOC-6336-MCD'),(99,84,35,'2024-07-06 21:17:32','Create','Rerum quibusdam dolorem repudiandae voluptatibus et eligendi tempore et autem impedit dolores culpa.','DOC-7457-VWX'),(100,113,44,'2025-02-16 18:37:36','Delete','Omnis saepe quas ad id earum sit magnam culpa.','DOC-5825-WWH'),(101,36,48,'2023-12-06 19:16:46','Approve','Eum deleniti ea ut esse quia dolorum odio et vel.','DOC-9218-HJX'),(102,96,11,'2024-03-05 02:42:47','Read','Maiores necessitatibus vero laboriosam et enim incidunt laborum ipsam velit perspiciatis.','DOC-0130-EEY'),(103,47,16,'2024-08-05 11:47:22','Review','Rerum aperiam dolores dolor fuga vel voluptatem.','DOC-2471-ZWM'),(104,119,33,'2024-06-04 08:32:47','Delete','Aspernatur alias harum est hic deleniti facere voluptatem commodi.','DOC-2568-KAI'),(105,60,12,'2023-05-04 14:56:23','Read','Voluptate enim ut sed consequatur aut voluptatem dolor mollitia.','DOC-1924-MFY'),(106,32,21,'2024-02-04 03:22:24','Approve','Ab ipsam consequuntur doloribus mollitia ut enim voluptatem nemo quae eaque ut ea.','DOC-6677-KLV'),(107,62,26,'2023-03-21 16:54:56','Submit','Dignissimos inventore eos ut sit sequi voluptas ut dolor incidunt autem est.','DOC-3723-ZGD'),(108,77,12,'2024-06-19 10:50:14','Read','Nisi vel omnis et autem assumenda corrupti.','DOC-0009-BVS'),(109,118,29,'2024-11-02 09:00:06','Submit','Dolores aspernatur facilis dolor saepe quaerat maxime sit facilis sed alias atque delectus laboriosam.','DOC-4974-HTC'),(110,183,1,'2024-12-13 23:26:40','Create','Quo fuga voluptatibus et ipsa aut voluptatibus incidunt culpa quisquam quam aut.','DOC-0706-LTX'),(111,93,37,'2024-07-31 15:36:14','Reject','Non voluptatem maiores mollitia nam id id est et occaecati eos nihil.','DOC-9582-JLR'),(112,71,48,'2024-04-26 17:37:24','Delete','Voluptatem laboriosam delectus id illo accusantium quidem unde.','DOC-3458-KYF'),(113,81,3,'2023-05-27 07:18:32','Submit','Unde aut aut illum incidunt minima fugiat qui cumque voluptatem aliquid sint rerum.','DOC-8014-PPM'),(114,184,26,'2024-09-28 12:08:02','Delete','Odit et deserunt impedit non accusantium dolor quo quibusdam aspernatur error dolor et.','DOC-0416-TRN'),(115,177,7,'2024-09-30 00:40:42','Approve','Fuga dolores quae perspiciatis eos omnis qui.','DOC-3193-WSX'),(116,193,47,'2024-08-25 10:14:10','Create','Sequi veniam amet voluptatem et eos reiciendis deleniti et sit nihil ea natus.','DOC-3529-XPV'),(117,113,44,'2023-11-09 01:57:07','Delete','Quisquam sit est nulla qui quaerat omnis.','DOC-9111-KJD'),(118,195,16,'2023-04-30 09:02:18','Review','Et ad dolorem expedita et et error qui quo consequuntur est similique nihil quo.','DOC-6495-DYI'),(119,37,13,'2024-04-09 14:42:50','Delete','Sed et velit explicabo qui aut distinctio.','DOC-5302-UTA'),(120,133,24,'2024-03-30 11:22:04','Submit','Voluptas voluptatem fuga non sint nihil autem et quo vel rerum aspernatur.','DOC-1158-QVN'),(121,24,33,'2023-12-12 10:43:27','Reject','Voluptate hic ipsam mollitia enim nam consectetur consequatur sunt quo maxime possimus rerum esse.','DOC-0381-QOW'),(122,16,40,'2023-10-10 11:48:18','Delete','Tempore aut vitae sit et labore eaque incidunt deserunt modi tempore est numquam.','DOC-7606-KZJ'),(123,108,36,'2024-04-24 09:04:38','Reject','Consequuntur illum numquam nihil eligendi qui in accusamus est ab mollitia doloribus.','DOC-8669-OEF'),(124,142,29,'2023-07-16 11:45:48','Reject','Similique explicabo tenetur temporibus omnis error fugit nihil sit iusto.','DOC-5613-YZZ'),(125,93,37,'2024-06-08 08:31:58','Update','Et molestiae eos expedita ad explicabo quibusdam aut maiores.','DOC-2223-QMF'),(126,52,17,'2023-11-23 14:46:58','Review','Perferendis est esse et esse quisquam et sed cumque qui et.','DOC-5483-WXG'),(127,64,43,'2025-01-22 02:10:46','Approve','Mollitia necessitatibus et est maxime optio vero.','DOC-4178-GFL'),(128,82,10,'2025-01-01 06:05:37','Review','Porro nesciunt velit blanditiis consequatur voluptatem saepe molestiae beatae.','DOC-0516-VQJ'),(129,24,50,'2025-01-24 06:35:54','Update','Qui repellendus enim nostrum impedit officia eum est corrupti iusto.','DOC-6077-BOW'),(130,121,8,'2023-08-19 22:26:02','Approve','Dolores deserunt temporibus et corporis quidem quos enim aut dignissimos iusto dolorem consequatur.','DOC-9875-DPS'),(131,93,24,'2024-08-27 05:06:16','Create','Et voluptate quasi officiis vero dolorem neque quia.','DOC-5551-FUX'),(132,147,4,'2023-12-17 03:34:08','Delete','Ducimus quia ea sed voluptatum ea autem qui ratione.','DOC-9375-HIA'),(133,143,44,'2023-11-30 21:32:41','Submit','Est debitis recusandae est et fuga distinctio dolores.','DOC-3765-BGD'),(134,77,12,'2023-03-25 17:25:55','Delete','Atque ut vero dolorum excepturi facere quibusdam exercitationem.','DOC-3552-PPH'),(135,81,3,'2024-08-29 02:53:31','Approve','Et quia mollitia sit quisquam et officiis quia nihil.','DOC-4657-MZH'),(136,174,24,'2023-07-11 16:55:30','Approve','Accusamus corrupti facilis dolore excepturi reprehenderit hic et iure quis qui.','DOC-6022-RMY'),(137,121,11,'2024-08-10 16:07:56','Read','Qui non omnis esse quaerat error autem tenetur corporis dolorum quia quod.','DOC-0980-VSG'),(138,192,21,'2023-09-01 04:18:36','Delete','Qui inventore eos voluptas quia mollitia et aut cumque est nobis sequi.','DOC-4560-CRW'),(139,56,1,'2023-03-28 16:10:50','Review','Sit facere ut incidunt voluptas corrupti harum porro.','DOC-2778-OIE'),(140,140,39,'2024-11-14 14:02:55','Delete','Eius temporibus iste aut reprehenderit dignissimos ut praesentium ut praesentium nam laudantium voluptatem placeat.','DOC-5245-RVH'),(141,171,25,'2024-05-17 12:48:11','Review','In blanditiis minima voluptatem et sit voluptatem sed eos quaerat dignissimos impedit est.','DOC-9182-YWR'),(142,49,2,'2024-03-26 15:39:06','Approve','Fugiat rerum ipsam iste non officiis quia ut libero dolorem laudantium.','DOC-0946-YDS'),(143,185,38,'2023-11-28 22:57:58','Update','Iure amet magni exercitationem rem omnis sint earum.','DOC-4655-TEY'),(144,6,16,'2023-06-03 18:11:49','Create','Vel dignissimos aliquid nihil omnis eaque nisi quo eius.','DOC-6981-GLA'),(145,142,29,'2024-07-29 03:06:00','Create','Qui velit vitae cum nam magnam eveniet aut corporis.','DOC-2262-DEJ'),(146,108,14,'2024-11-14 02:15:30','Read','Sunt nulla quia eos sapiente ea ut beatae et sunt.','DOC-1962-WQQ'),(147,5,14,'2025-01-18 05:54:11','Review','Possimus quisquam dolorum et qui quia autem distinctio veritatis ad ratione.','DOC-4867-HVO'),(148,154,11,'2023-10-24 22:35:39','Delete','Quo debitis quae animi ratione sed quia possimus ad.','DOC-6243-JPA'),(149,160,36,'2024-04-04 21:12:08','Approve','Dolores voluptas voluptas et quia soluta explicabo aut quasi recusandae tempore qui.','DOC-6109-RQW'),(150,103,4,'2023-06-22 10:15:59','Delete','Odio dolor iure eum est molestiae aut alias quibusdam.','DOC-6247-OOS'),(151,135,41,'2023-08-04 07:01:33','Delete','Dolor assumenda voluptatum ut omnis repellendus qui.','DOC-4273-ICG'),(152,193,47,'2024-11-08 07:49:24','Reject','Et libero temporibus cupiditate et reiciendis id reprehenderit dolores modi optio nulla.','DOC-0396-WUN'),(153,79,18,'2024-01-15 02:22:17','Read','Eaque consectetur et et neque sit architecto.','DOC-3801-CSP'),(154,93,37,'2023-04-03 16:52:36','Update','Sed consequatur dolores voluptas quisquam unde provident tempore id explicabo aspernatur.','DOC-3154-MKZ'),(155,107,8,'2023-03-05 01:42:06','Create','Reiciendis at a sed velit facere adipisci repudiandae sunt odio ut.','DOC-5960-EZB'),(156,199,5,'2024-07-24 20:18:59','Submit','Ipsa enim est ipsum rerum molestiae et quas.','DOC-9808-CFE'),(157,82,15,'2025-01-02 03:20:48','Delete','A est aut sit odit inventore molestias facilis quia voluptatem et.','DOC-3436-IXA'),(158,11,42,'2023-09-01 01:48:27','Submit','Qui ut ut numquam nulla voluptatem accusamus suscipit eveniet quae ut.','DOC-7357-WIH'),(159,82,15,'2024-07-24 07:30:37','Create','Labore neque veniam facilis repudiandae nulla aperiam dolor.','DOC-0904-IBH'),(160,68,11,'2024-06-17 07:10:33','Review','Minima quaerat voluptatem molestias dolorem dolores incidunt possimus maxime.','DOC-2874-YBG'),(161,71,48,'2023-12-28 03:30:02','Create','Commodi qui recusandae earum excepturi placeat quia sit aut.','DOC-9382-EER'),(162,179,3,'2024-10-05 00:09:17','Submit','Consectetur vitae repellendus a rerum perspiciatis est facilis et nihil nobis sed est.','DOC-6270-ZMY'),(163,154,45,'2023-07-26 19:43:45','Review','Quia fuga incidunt officiis nam accusantium rerum voluptatem sint vel veniam veniam.','DOC-3692-ECV'),(164,114,23,'2024-03-20 03:37:20','Read','Quidem quidem harum earum earum omnis at deserunt.','DOC-4541-JCO'),(165,159,34,'2023-12-06 09:50:34','Review','Expedita facere iure cupiditate ipsa eum ut ut maxime.','DOC-1425-VPH'),(166,154,37,'2024-06-12 04:47:55','Review','Fugiat aut ut quod et fuga sapiente ipsa voluptatum ea.','DOC-5285-BHT'),(167,98,18,'2024-07-18 02:50:31','Reject','Alias blanditiis exercitationem error est dolores hic nulla deserunt.','DOC-0642-AMN'),(168,103,4,'2023-10-15 22:19:44','Read','Sit qui vero cumque nobis aliquid delectus praesentium rerum qui qui impedit.','DOC-3946-WLH'),(169,40,6,'2023-11-17 18:53:37','Read','Aut soluta et error voluptates sint asperiores hic provident vitae repellendus dolore beatae.','DOC-7489-CPP'),(170,46,20,'2023-04-28 11:28:37','Review','Perspiciatis pariatur ab velit delectus aperiam vero.','DOC-4975-VKS'),(171,180,40,'2023-12-01 09:28:37','Update','Aut corrupti quia et pariatur eaque voluptas assumenda et.','DOC-6938-OPO'),(172,104,48,'2023-11-14 05:46:59','Approve','Omnis possimus similique veritatis et suscipit accusantium repellendus aut repellat at sit sed qui.','DOC-1456-RAY'),(173,189,45,'2023-06-25 06:29:50','Delete','Rerum suscipit maiores excepturi eaque harum sint velit harum recusandae.','DOC-1981-DNH'),(174,137,20,'2024-07-10 11:09:58','Submit','Reprehenderit sed quis occaecati nesciunt et harum deserunt ut sit et itaque ut quaerat.','DOC-4470-DJL'),(175,7,19,'2023-09-23 22:39:51','Review','Ut rem repellendus sequi et voluptatem veritatis quaerat qui et.','DOC-4325-DTI'),(176,69,42,'2023-06-29 17:10:54','Create','A sunt dolor nulla voluptas eligendi earum repellat.','DOC-6060-JCQ'),(177,163,31,'2023-09-13 18:32:01','Create','Aut ducimus enim temporibus eos natus officia quos excepturi eveniet maxime labore exercitationem optio.','DOC-6791-ICA'),(178,16,40,'2024-04-05 12:06:02','Read','Quo placeat dicta omnis impedit quos ea esse ab officiis repudiandae facere quo laborum.','DOC-8909-YAT'),(179,81,3,'2024-03-09 19:41:32','Create','Sequi quo quo molestiae facilis nostrum enim velit voluptatem doloribus accusantium perferendis.','DOC-0847-LGM'),(180,26,9,'2024-10-29 06:52:55','Approve','Tenetur amet amet voluptatem accusamus excepturi asperiores eveniet aut modi.','DOC-9113-SJI'),(181,34,2,'2023-09-14 10:09:51','Create','Ut voluptas mollitia aut non aut et sapiente.','DOC-3239-TJZ'),(182,125,6,'2024-01-13 15:41:00','Submit','Et mollitia ut qui qui similique sit in maxime voluptatum et ut placeat pariatur.','DOC-1892-FEC'),(183,162,16,'2023-10-23 15:54:47','Submit','Facere natus consectetur voluptatibus pariatur quae dolor neque tempora qui voluptas cum.','DOC-2560-UTI'),(184,2,40,'2023-08-15 00:29:17','Read','Quia consequatur sint ut adipisci qui ipsam ipsa deleniti qui aliquid velit similique animi.','DOC-2578-DEY'),(185,156,2,'2024-03-24 03:15:06','Review','Commodi cumque vero et a nesciunt tempora voluptatibus esse eos quia qui.','DOC-6523-KOZ'),(186,24,50,'2023-05-21 11:34:21','Delete','Odio dolores ab omnis accusantium qui consequuntur.','DOC-2839-KOV'),(187,188,32,'2024-06-02 21:34:05','Delete','Tempore laborum eum aspernatur pariatur sint minus beatae eius sit deserunt incidunt.','DOC-0067-RCI'),(188,153,14,'2024-09-29 05:55:00','Read','Magnam fugit temporibus vel aspernatur labore quis quos dicta exercitationem.','DOC-1436-WKN'),(189,192,21,'2024-05-09 21:22:57','Delete','Ipsam repellendus odit veniam saepe nostrum ut distinctio assumenda sapiente fuga.','DOC-3898-RJQ'),(190,15,32,'2024-06-30 12:51:10','Review','Rerum rerum non ullam quo et dicta atque blanditiis.','DOC-3683-DET'),(191,57,17,'2024-02-08 10:51:09','Delete','Officiis rerum id tempora deserunt neque voluptatem totam repellendus veniam.','DOC-9833-EOD'),(192,45,30,'2025-01-29 17:59:54','Review','Qui aut eaque provident sint adipisci ad tenetur rem dolores.','DOC-8587-YYR'),(193,91,41,'2023-08-06 01:06:30','Reject','Ipsam aut et corporis veritatis ut dicta ullam dolore cupiditate ut omnis omnis.','DOC-2837-MSJ'),(194,130,30,'2024-12-30 19:52:21','Delete','Enim et reiciendis delectus totam et facere fugiat et distinctio sed aperiam cupiditate accusantium.','DOC-4205-TRK'),(195,115,19,'2023-11-26 09:37:23','Approve','Dolor et soluta harum numquam provident laudantium delectus alias quia nobis corporis.','DOC-7492-OIX'),(196,167,19,'2023-11-01 20:05:05','Create','Ea ab eum velit quas dolor necessitatibus reiciendis libero sapiente.','DOC-3180-GMQ'),(197,116,9,'2025-01-28 14:54:14','Reject','Placeat beatae voluptatem voluptas reprehenderit nam ut beatae.','DOC-9157-EMV'),(198,14,27,'2025-02-23 03:14:53','Review','Et dolores occaecati in fugit et ab est.','DOC-6556-KON'),(199,3,14,'2023-06-10 14:26:41','Delete','Quod corrupti voluptatem praesentium voluptas voluptas sit rem at illum non.','DOC-0598-AMF'),(200,109,2,'2023-04-15 15:04:51','Review','Ducimus vel ex dolore aut nemo id id labore voluptas non quia nihil ut.','DOC-8021-PML'),(201,85,31,'2023-10-15 11:11:18','Submit','Ea nemo et impedit quia sit rerum enim.','DOC-3661-STK'),(202,33,28,'2023-09-19 20:16:58','Submit','Aut explicabo incidunt quia nobis necessitatibus animi soluta.','DOC-8905-TQN'),(203,105,38,'2025-01-18 23:21:31','Review','Quam dicta animi iusto quo ut nobis eaque sint eveniet dolor magnam omnis.','DOC-4285-RQT'),(204,76,15,'2024-11-27 06:31:07','Read','Earum sed nostrum quia aperiam architecto rerum qui praesentium voluptas reprehenderit eaque ut in.','DOC-1707-NVX'),(205,47,16,'2023-04-24 05:53:50','Update','Corporis dicta autem voluptas eius voluptatibus eaque modi amet explicabo et.','DOC-9475-TCQ'),(206,40,6,'2023-10-27 01:51:01','Reject','Officia delectus non est quis aut nam consequatur suscipit mollitia soluta voluptatibus officia.','DOC-7027-BLB'),(207,162,33,'2024-07-06 01:49:11','Delete','Enim possimus vel aut voluptatem fuga enim tenetur voluptates.','DOC-3767-RKE'),(208,165,9,'2023-12-14 17:19:34','Review','In exercitationem eos dicta iure ipsum quae doloremque sit nesciunt minus sit est.','DOC-1911-DHV'),(209,193,47,'2024-06-16 05:05:56','Submit','Aliquam distinctio voluptatem esse quam vitae omnis delectus sunt quos quis dolorum.','DOC-6294-EGF'),(210,9,34,'2024-12-09 11:01:54','Reject','Quam eos doloremque iste nostrum cum cumque vel expedita pariatur in.','DOC-8310-OCI'),(211,81,1,'2023-08-29 10:59:37','Reject','Ab dolores a voluptate ut nobis ad ratione deserunt et.','DOC-8376-YMX'),(212,122,12,'2023-06-04 00:52:30','Approve','Voluptas molestias magni quo magni vitae officiis eos ex.','DOC-4709-OLN'),(213,128,22,'2023-12-13 19:33:09','Read','Accusamus facere quam delectus quo eaque sed consequatur.','DOC-5217-NGZ'),(214,97,22,'2024-12-13 13:57:58','Review','Ut reiciendis ut nemo nam tempora architecto eos totam quis saepe eum.','DOC-1419-UXP'),(215,26,9,'2023-08-08 01:09:50','Approve','Ut non qui necessitatibus et ratione sed rem quos neque sit sed.','DOC-6962-XTR'),(216,190,2,'2025-02-24 14:21:29','Read','Fuga saepe debitis labore autem voluptatem unde.','DOC-9648-NDV'),(217,163,31,'2024-04-04 16:24:41','Create','Consequatur et animi quo qui vitae debitis iste assumenda quia qui.','DOC-6116-LPN'),(218,132,25,'2024-02-12 04:03:49','Submit','Rerum sunt tempora consequuntur tenetur ut at occaecati aliquid.','DOC-6255-PSW'),(219,174,34,'2025-01-04 03:37:57','Update','Et consequatur voluptas ut in rerum error sed sed mollitia.','DOC-3502-JXT'),(220,135,3,'2023-07-12 02:32:34','Update','Molestias dolorem numquam esse vero cupiditate dignissimos ratione.','DOC-1767-YDO'),(221,186,33,'2024-02-09 05:45:31','Create','Sunt rerum nulla commodi recusandae facere quas velit et.','DOC-8628-ZLW'),(222,44,9,'2024-04-05 23:51:28','Approve','Fugit voluptatem cupiditate est id tenetur aliquid qui velit eos dolorem.','DOC-4812-HUW'),(223,38,39,'2023-12-12 05:03:34','Read','Maxime veritatis deserunt eum iure deleniti officiis.','DOC-3040-LMK'),(224,79,12,'2023-07-02 00:59:56','Approve','Id ad nostrum est quaerat est a sit tempora.','DOC-2595-AAQ'),(225,110,32,'2023-05-13 02:21:03','Delete','Enim accusamus rerum porro delectus doloremque inventore non illo.','DOC-9135-EXN'),(226,95,1,'2024-03-15 19:08:44','Read','Laborum sint aliquam laboriosam illo labore modi non enim porro quibusdam amet.','DOC-8550-SNI'),(227,64,50,'2025-01-21 17:12:53','Read','Laboriosam dolores odit cupiditate velit recusandae dolore adipisci repellat dolorem ipsa ea quo quia.','DOC-1719-NSZ'),(228,90,31,'2023-03-29 13:46:52','Review','Tempore magnam ut qui aliquid quia nesciunt amet reiciendis.','DOC-9949-IYI'),(229,132,25,'2023-12-26 09:40:09','Create','Magni velit dolor molestiae maxime porro iusto voluptate quisquam atque nam in est nulla.','DOC-1932-LXV'),(230,18,40,'2024-10-21 00:43:56','Update','Laudantium id repudiandae tempore rerum similique et.','DOC-0040-KQQ'),(231,171,25,'2024-04-17 02:12:07','Review','Sunt quos non alias et qui labore ratione ullam magnam debitis.','DOC-7806-VFG'),(232,21,25,'2023-03-15 05:45:19','Reject','Omnis inventore voluptatem nihil iure atque voluptatum similique.','DOC-6071-TQT'),(233,155,35,'2023-03-27 10:54:36','Delete','Earum accusamus rerum ad expedita est officia quis.','DOC-3607-LCG'),(234,8,30,'2024-04-23 02:06:19','Update','Sunt dolorem placeat temporibus ab non animi et explicabo architecto ipsa quia rem.','DOC-2190-OPR'),(235,73,41,'2024-01-25 15:07:38','Read','Cumque dolores aut et sit quod odit aliquam dicta fugiat voluptas sapiente mollitia voluptas.','DOC-0132-QHK'),(236,36,26,'2023-03-30 20:44:49','Submit','Omnis occaecati quibusdam qui pariatur eligendi provident assumenda.','DOC-5952-CAT'),(237,42,1,'2023-06-13 22:53:38','Update','Et sit nisi aut quasi odit sed nulla temporibus consectetur molestias error.','DOC-6715-CBC'),(238,66,28,'2023-08-21 04:47:45','Submit','In ut ipsa provident accusantium nam aut.','DOC-0239-CSJ'),(239,200,19,'2023-11-29 23:21:19','Review','Ea ab ipsam expedita quidem exercitationem voluptatibus soluta aliquam placeat tempora officiis laboriosam voluptatem.','DOC-3923-TAN'),(240,156,48,'2024-06-19 00:16:41','Create','Sint officiis magnam assumenda aut soluta possimus nemo.','DOC-2054-CTL'),(241,77,12,'2024-08-15 10:40:28','Update','Et quia dolorum maxime minima cupiditate odio quo ipsa sed.','DOC-5826-RRL'),(242,150,35,'2024-02-10 07:41:16','Submit','Possimus consectetur alias natus vel iusto voluptas omnis magnam tempora et.','DOC-3923-WDJ'),(243,102,28,'2024-12-24 21:40:29','Reject','Temporibus et exercitationem quod quisquam recusandae vel architecto.','DOC-3639-OBO'),(244,15,32,'2024-11-19 12:34:11','Review','Qui ipsam illum reprehenderit expedita nihil ab quis voluptas.','DOC-2641-NES'),(245,181,8,'2024-12-29 09:30:07','Read','Accusamus quo quia non et ipsa deserunt provident blanditiis quis.','DOC-4292-NER'),(246,41,46,'2024-02-04 20:58:13','Review','Molestiae provident at est aut sint omnis.','DOC-3326-PRK'),(247,65,4,'2024-12-02 14:16:22','Reject','Ducimus sapiente rerum id quae vitae maiores exercitationem nostrum.','DOC-8133-FVO'),(248,140,39,'2024-09-19 19:50:43','Create','Qui eum nihil reprehenderit eveniet aliquid cum iusto modi distinctio aut eveniet repellat pariatur.','DOC-9464-FCK'),(249,12,7,'2024-07-16 10:57:22','Approve','Vel architecto dolorem inventore nostrum commodi ullam iure dolorem rem ut.','DOC-1170-LQY'),(250,8,31,'2025-01-10 19:40:23','Create','Amet eum et odit vel est voluptas debitis cum.','DOC-8910-GEN'),(251,54,41,'2024-09-24 09:04:10','Read','Et dolore amet ex sit id repellat voluptatum et deleniti quos corporis eum.','DOC-5618-DQB'),(252,107,28,'2023-05-30 12:39:48','Reject','Deserunt culpa cum dignissimos aut commodi ipsam numquam id mollitia pariatur qui eos exercitationem.','DOC-7197-VAE'),(253,109,2,'2024-07-10 06:26:18','Approve','Et iure architecto sapiente corporis sequi quae aut vero sapiente ipsum in.','DOC-1018-QJI'),(254,4,5,'2023-05-22 19:44:53','Delete','Eum dolores ab omnis rerum beatae sint molestiae error quis iusto.','DOC-4818-KLL'),(255,68,24,'2024-09-24 19:32:17','Create','Rem vel tempora dolorem quod enim impedit ut recusandae.','DOC-3267-DTG'),(256,94,5,'2023-10-30 12:19:50','Approve','Quis quo non vitae velit rem amet nihil numquam.','DOC-6346-PFC'),(257,119,33,'2024-12-23 19:37:23','Review','In sed dignissimos sit amet soluta veniam id vero voluptatem quia nulla aut eos.','DOC-3758-XLS'),(258,185,19,'2023-04-23 08:15:28','Update','Aspernatur cum eos ipsam praesentium consequuntur qui aliquam consequatur.','DOC-7147-BMF'),(259,165,23,'2025-02-27 06:16:57','Update','Laborum quia sint aperiam natus sit soluta.','DOC-8529-XKL'),(260,68,11,'2023-11-09 17:56:50','Update','Sed et quia eos aut voluptatum tempora aut fugiat reprehenderit.','DOC-6509-GXH'),(261,182,15,'2023-09-27 01:04:27','Read','Pariatur voluptas magnam mollitia facere pariatur facilis inventore.','DOC-9850-VKG'),(262,184,24,'2025-01-24 14:56:58','Reject','Velit tempora minus sed consectetur quibusdam mollitia voluptatem aut et labore animi exercitationem.','DOC-9863-XHC'),(263,147,4,'2023-08-29 07:25:52','Delete','Atque eius voluptatem repellendus minus illo voluptas aut.','DOC-5679-OBS'),(264,72,2,'2023-04-02 05:19:13','Review','Sit dolor fugiat molestiae sunt ut voluptas.','DOC-8494-GNR'),(265,4,35,'2023-07-14 05:07:56','Submit','Vero eaque earum veniam temporibus dolores voluptate modi.','DOC-6647-GLO'),(266,91,41,'2025-02-24 19:09:01','Approve','Voluptas autem soluta accusantium minus earum itaque.','DOC-1773-XGR'),(267,77,12,'2023-12-07 18:50:43','Create','Voluptas unde error ducimus expedita consequatur praesentium repudiandae et sint.','DOC-9099-BAT'),(268,49,2,'2025-01-26 01:38:42','Delete','Quia nulla omnis quia autem velit molestiae velit alias ea.','DOC-4589-ZME'),(269,49,2,'2023-10-31 02:49:16','Delete','Repudiandae quam ut reprehenderit delectus iste distinctio hic rerum quam est dignissimos aut.','DOC-3793-ZAN'),(270,150,35,'2023-12-15 22:20:30','Read','Et commodi in nostrum suscipit et architecto consequatur ipsam quasi.','DOC-0982-BTF'),(271,173,19,'2024-07-17 05:14:10','Update','Animi sit aut sed at perspiciatis ducimus accusamus ea quod unde.','DOC-1224-QNP'),(272,121,7,'2024-11-13 01:55:41','Create','Labore voluptas libero recusandae dicta est incidunt et accusantium at.','DOC-3826-UQU'),(273,72,2,'2024-01-31 14:56:21','Create','Nihil est vero omnis et officiis odio est doloribus nam laborum aut consequatur quas.','DOC-5039-OKN'),(274,74,47,'2024-09-19 20:11:20','Review','Commodi itaque et at impedit et ea omnis repudiandae iure magni dicta omnis.','DOC-7622-ZBV'),(275,194,1,'2025-02-25 14:24:30','Submit','Aperiam qui ex officiis totam molestiae ratione.','DOC-7803-DEZ'),(276,11,42,'2024-09-23 11:22:31','Delete','In est esse suscipit atque temporibus dolorem asperiores atque dolores ipsa.','DOC-8120-BEB'),(277,181,37,'2024-04-13 00:49:31','Read','Magni atque nulla blanditiis explicabo temporibus exercitationem sunt tenetur maiores quo exercitationem.','DOC-7206-XSX'),(278,119,33,'2023-05-12 12:01:01','Reject','Et enim sed aut et dolorum commodi quibusdam alias eos pariatur.','DOC-0205-ADY'),(279,70,36,'2024-10-16 18:55:22','Reject','Voluptas sunt cupiditate voluptas nihil velit nihil earum maxime.','DOC-7055-RKF'),(280,158,20,'2024-10-10 17:58:22','Create','Et quia excepturi et commodi et ea aut architecto animi corporis quas.','DOC-8859-EJR'),(281,83,18,'2024-01-07 09:40:03','Approve','Et eveniet explicabo tempora voluptatum sunt facilis incidunt itaque quos.','DOC-7387-XES'),(282,74,47,'2023-10-31 01:59:40','Update','Blanditiis aut et quis illum enim quas voluptas provident quis.','DOC-7211-SDU'),(283,33,28,'2023-08-26 14:09:22','Update','Temporibus dolorem minus dolorem eaque sequi distinctio repudiandae repellat quod minima.','DOC-5181-CKD'),(284,99,28,'2023-04-18 12:09:05','Reject','Molestiae totam libero nostrum dignissimos voluptatem et voluptatum soluta nesciunt voluptatum.','DOC-9132-HLU'),(285,194,10,'2023-03-09 22:34:39','Create','Quae laboriosam voluptatibus ut officiis laborum assumenda labore facere.','DOC-3493-CFI'),(286,88,7,'2024-07-03 06:26:42','Reject','Et aut soluta non quis veritatis quisquam nemo.','DOC-0261-DLM'),(287,153,14,'2025-02-15 20:15:23','Create','A numquam reiciendis et asperiores et molestiae.','DOC-5365-HLB'),(288,79,12,'2023-05-30 13:50:06','Review','Rerum neque est nisi nulla qui distinctio.','DOC-9454-MPZ'),(289,191,35,'2023-03-15 20:51:19','Submit','Vitae eveniet veniam sed voluptas eveniet ipsa repudiandae.','DOC-0668-MRA'),(290,140,39,'2024-07-11 07:00:52','Delete','Nesciunt omnis officia accusamus voluptatem itaque error distinctio voluptas.','DOC-1676-OYV'),(291,103,4,'2024-04-08 18:17:29','Approve','Maiores nesciunt voluptatem mollitia cum qui corporis ratione.','DOC-6934-XJU'),(292,36,48,'2023-04-10 04:31:41','Read','Ad et aut voluptate quaerat ut molestias.','DOC-2175-IYN'),(293,169,5,'2024-06-02 05:43:22','Update','Et omnis ut eveniet rerum magnam ut possimus doloremque et ipsam cupiditate cupiditate.','DOC-3877-IHG'),(294,117,48,'2024-08-22 15:51:42','Delete','Minus est autem corrupti ut rerum eum pariatur vero nisi aut pariatur fuga.','DOC-7785-CTR'),(295,31,13,'2024-11-13 06:52:40','Submit','Non provident consectetur velit sit voluptatem voluptatem tempora nulla illum doloribus reprehenderit.','DOC-6358-SYX'),(296,121,7,'2025-02-16 08:33:22','Read','Dolorem neque in eum occaecati totam adipisci beatae est.','DOC-9256-ZHH'),(297,39,38,'2023-10-18 04:47:47','Submit','Cumque qui quo et aut qui officiis sequi dolorem.','DOC-8734-JCQ'),(298,28,31,'2024-10-02 04:50:46','Read','Magnam fugit quam distinctio commodi dignissimos nisi rem sed non est perferendis ea cumque.','DOC-4113-HLR'),(299,57,17,'2024-12-02 23:25:52','Read','Dolore rerum beatae quidem nam qui asperiores dolor et sunt velit culpa laborum.','DOC-4492-JKP'),(300,24,50,'2023-12-22 08:43:28','Review','Quasi quod id facere dolorem omnis ratione velit exercitationem minima et quos quam molestiae.','DOC-0537-BRV'),(301,135,3,'2023-04-22 04:16:04','Update','Magnam est dolores nihil temporibus dolores quod non.','DOC-2753-WRF'),(302,132,25,'2024-05-23 22:19:07','Create','Aliquam voluptate adipisci odio impedit facere quaerat deserunt distinctio praesentium placeat facilis.','DOC-5327-LNR'),(303,111,45,'2023-03-21 15:29:17','Submit','Eos qui voluptas sunt et culpa dicta.','DOC-1849-YWS'),(304,121,45,'2024-03-06 16:49:30','Read','Tempora velit voluptas fugiat sed omnis inventore deserunt aliquam consequatur.','DOC-5878-NQL'),(305,36,48,'2024-04-06 01:15:17','Review','Laboriosam velit necessitatibus explicabo est non dolore corporis perspiciatis sint aperiam esse.','DOC-7329-LFO'),(306,40,6,'2024-05-16 19:33:39','Delete','Nobis ea quae nemo repellendus illum magni hic beatae laboriosam dicta.','DOC-2218-BGG'),(307,196,5,'2024-01-24 19:25:09','Create','Odit ratione voluptates iste aliquam laudantium porro omnis.','DOC-9695-IJY'),(308,10,18,'2023-06-13 02:40:50','Create','Aut qui labore inventore tempora rerum ipsam sunt quibusdam doloribus.','DOC-4113-ACS'),(309,40,40,'2024-08-23 03:04:39','Create','Iure aperiam provident fugiat impedit molestiae quae ipsa.','DOC-9743-EMJ'),(310,54,38,'2023-06-17 11:06:55','Review','Provident et temporibus qui rem tenetur quia quibusdam sed et cupiditate veniam omnis dolorem.','DOC-9649-ZVQ'),(311,102,28,'2024-03-30 02:04:13','Read','Porro explicabo vero dolore nemo blanditiis reprehenderit ut laudantium.','DOC-6113-AEG'),(312,84,35,'2024-03-27 08:20:28','Create','Eum repellat et laborum quis ut eum ut.','DOC-8621-UHR'),(313,185,19,'2024-12-24 22:10:48','Create','Officia quo ex suscipit harum atque aliquam tempora eaque.','DOC-6951-CMW'),(314,104,45,'2024-09-23 02:34:28','Submit','Impedit repellat quidem dolores a ratione perspiciatis aspernatur iusto atque atque ex.','DOC-8528-EIB'),(315,137,20,'2024-12-15 01:25:26','Approve','Vel et repudiandae facilis est accusantium qui molestiae consequatur voluptatem dolorum aut.','DOC-8052-PKX'),(316,186,33,'2023-05-20 21:52:37','Read','Sunt non excepturi sapiente hic cumque aspernatur maiores sed dolor.','DOC-2121-QZL'),(317,132,25,'2024-08-01 01:32:52','Reject','Voluptates ducimus quo perspiciatis sequi perspiciatis hic ex deleniti beatae.','DOC-6120-BJT'),(318,56,1,'2024-10-12 16:39:01','Submit','Vel et velit delectus facilis ipsa ut provident quod et sapiente deleniti quia.','DOC-7607-CIU'),(319,23,17,'2025-02-03 12:28:12','Approve','Quidem vel nam sed totam dolor nobis et hic et dolores aliquid.','DOC-2892-RMU'),(320,104,37,'2023-08-22 05:16:50','Approve','Nihil aliquid sed sit dolorum aut eum voluptas sit consectetur.','DOC-9094-SBB'),(321,127,9,'2023-08-22 11:31:28','Reject','Magnam omnis non dignissimos aut quisquam facilis et perferendis ullam dolorem consequatur quis porro.','DOC-9526-FYA'),(322,170,3,'2024-04-05 11:59:54','Review','Voluptatem et sit fuga numquam impedit ullam et a enim officia.','DOC-0432-IRL'),(323,57,17,'2025-02-26 18:13:38','Approve','Vero qui eos sed aliquam repellat ipsa quis optio doloremque beatae molestiae molestias et.','DOC-6952-ANJ'),(324,114,23,'2024-02-10 07:01:05','Create','Esse maxime molestiae minus dolore dolorem provident nihil et mollitia atque nostrum similique.','DOC-5595-RBV'),(325,111,45,'2024-06-11 18:49:39','Create','Nam facere non culpa quis soluta autem laborum nihil perferendis nam quisquam.','DOC-5451-SMB'),(326,159,34,'2024-03-11 14:55:23','Create','Ut consequatur voluptas laboriosam minus voluptas rem.','DOC-0355-WER'),(327,69,29,'2024-01-24 12:59:46','Approve','At voluptas aperiam rerum fuga nobis voluptas omnis.','DOC-8670-EZI'),(328,9,50,'2024-04-09 00:34:29','Create','Porro aut qui qui nisi totam in accusamus.','DOC-2385-PKT'),(329,45,30,'2023-04-04 20:19:19','Update','Sed voluptatem assumenda maiores dolores assumenda architecto facere.','DOC-7275-UTG'),(330,97,22,'2024-10-11 05:30:36','Submit','Quis laborum voluptatem dolor vel maxime voluptatem perspiciatis esse unde molestias voluptatem labore.','DOC-9897-QDT'),(331,195,16,'2023-08-08 22:50:59','Approve','Id eius quam qui voluptatem aut odit.','DOC-9032-HJE'),(332,126,42,'2025-02-06 12:19:31','Delete','Recusandae minima nesciunt eius incidunt blanditiis voluptas asperiores vel.','DOC-0932-TIX'),(333,137,20,'2023-09-30 06:09:27','Approve','Est sint ullam ut dolore reiciendis quo aut.','DOC-7105-HGT'),(334,32,40,'2024-03-30 03:07:33','Approve','Eveniet hic dolorem aut qui fugit pariatur suscipit unde eum sapiente.','DOC-2583-RIV'),(335,59,16,'2024-08-17 14:49:14','Reject','Est omnis consequuntur quibusdam velit explicabo molestiae.','DOC-7721-LPW'),(336,103,16,'2024-09-05 13:44:53','Approve','Doloremque fuga atque voluptatem veritatis modi facere.','DOC-7558-EHZ'),(337,108,14,'2024-02-03 04:56:45','Reject','Id veritatis accusantium nisi numquam rem et nesciunt.','DOC-1078-IIJ'),(338,194,10,'2024-09-14 05:21:56','Update','Voluptatem qui consequatur illum et dicta rerum sunt quae nisi nisi laboriosam quis.','DOC-1490-MJM'),(339,146,35,'2023-10-03 11:25:11','Submit','Hic deserunt officiis sint fugit eius est.','DOC-7856-NTE'),(340,38,13,'2025-01-09 13:41:39','Submit','Quidem architecto suscipit ut magnam voluptatem qui consequatur veritatis.','DOC-5985-ILR'),(341,68,11,'2024-01-05 23:44:27','Read','Est error voluptatem deleniti saepe unde praesentium est molestiae.','DOC-0208-IUU'),(342,130,30,'2023-04-08 06:28:18','Approve','Assumenda occaecati occaecati beatae quia nam dignissimos nobis.','DOC-9344-VXA'),(343,133,24,'2025-02-06 03:19:37','Reject','Odio eum aspernatur neque ut sed et deserunt quibusdam aut enim.','DOC-0365-XBE'),(344,81,3,'2024-03-07 00:14:21','Create','Aperiam illum sed repudiandae voluptatem laudantium blanditiis inventore iusto voluptatem provident error.','DOC-8084-CIP'),(345,155,35,'2025-01-01 06:29:16','Approve','Non est ab et omnis nesciunt perspiciatis.','DOC-1702-ZAH'),(346,95,11,'2023-07-13 13:16:32','Read','Minus quia vel est fugit distinctio quos nemo alias porro similique.','DOC-6365-FTJ'),(347,87,47,'2024-09-20 06:46:28','Create','Voluptate voluptatum assumenda et quia quia dolores dolor et quia.','DOC-7686-JNO'),(348,179,35,'2023-05-27 04:05:04','Approve','Dolores fugit cumque ut exercitationem autem qui fugit.','DOC-8412-TTR'),(349,192,21,'2024-12-20 23:27:31','Delete','Distinctio quo est animi necessitatibus sint est eos aut.','DOC-0530-IXI'),(350,135,3,'2023-08-17 08:48:09','Review','Ducimus nam ut et ipsam ducimus omnis quibusdam dolor dolore.','DOC-8761-ZQD'),(351,29,41,'2024-03-18 03:49:50','Update','Aut dolorem enim quos quo unde sunt minus.','DOC-2546-JNL'),(352,14,27,'2024-12-06 21:00:14','Approve','Et nesciunt qui aut veritatis culpa hic ipsam nam consequuntur sit perferendis.','DOC-9286-XLP'),(353,81,3,'2023-07-17 08:03:43','Delete','Sed quam eius accusamus ea saepe et.','DOC-8233-PEP'),(354,20,27,'2023-05-20 22:57:24','Read','Sit qui voluptatem et aut assumenda velit voluptate magni quia doloremque eos exercitationem.','DOC-6935-LTY'),(355,72,2,'2023-03-20 07:49:51','Reject','Amet aliquam at quis qui et odit est ad enim soluta fugiat.','DOC-4702-TWC'),(356,6,16,'2024-12-25 12:29:52','Submit','Sunt tempore odio asperiores illum ipsam aut consequuntur ea illum ut perferendis quibusdam.','DOC-0862-ANW'),(357,151,6,'2024-06-12 23:06:32','Create','Eius quaerat corrupti animi earum magni deserunt iusto facilis inventore non nihil ut.','DOC-7477-PZE'),(358,105,28,'2023-05-16 08:30:56','Reject','Quis sit hic eligendi voluptatibus et pariatur quibusdam perspiciatis laboriosam a eos.','DOC-3909-ZBY'),(359,169,22,'2024-12-31 01:46:35','Delete','Ut voluptatem et saepe ipsum sit et.','DOC-5723-LMA'),(360,155,18,'2023-08-03 22:31:37','Update','A velit id eveniet placeat dolorem neque incidunt expedita voluptatem quidem dignissimos culpa impedit.','DOC-2012-EYK'),(361,171,39,'2023-09-19 02:59:57','Delete','Esse reprehenderit repellendus voluptas voluptatem deserunt necessitatibus praesentium consectetur perspiciatis.','DOC-6171-DLZ'),(362,103,4,'2024-10-19 03:09:06','Delete','Earum nam dignissimos enim est culpa quia quo voluptatum vero suscipit ratione sed.','DOC-9911-OSS'),(363,74,47,'2024-02-06 13:19:11','Review','Ut sunt est numquam soluta odio minima quidem et doloremque nihil harum.','DOC-3839-RMX'),(364,105,28,'2024-05-20 12:34:48','Read','Voluptatem possimus architecto quod vel non id sequi veritatis eos eos blanditiis mollitia odit.','DOC-3317-XHL'),(365,115,19,'2024-07-17 07:59:24','Approve','Ad in earum id et fugiat dolorem enim quo repellendus quo.','DOC-8291-VNL'),(366,194,10,'2023-10-06 22:28:46','Submit','Neque consequatur ad suscipit eos a dolorem magnam est est dolor ratione nostrum quia.','DOC-7741-IRQ'),(367,180,38,'2025-01-21 23:24:57','Reject','Expedita facilis minima ea dolorem ut animi facere ullam nihil distinctio error ipsum nam.','DOC-4876-KBN'),(368,33,28,'2023-10-29 07:22:11','Update','Eveniet voluptas saepe sed eos itaque non.','DOC-9905-MCU'),(369,76,15,'2024-08-20 17:42:34','Review','Error ducimus voluptas debitis enim atque natus omnis praesentium eaque molestiae temporibus itaque.','DOC-5329-BEC'),(370,132,25,'2024-05-05 18:35:15','Update','Nisi unde at et alias quibusdam libero repudiandae voluptatem.','DOC-3406-SVT'),(371,22,4,'2024-04-20 18:43:55','Submit','Tempore et libero et ullam odit atque.','DOC-4251-EOU'),(372,80,39,'2023-11-03 16:35:17','Delete','Ex ut expedita id rerum ullam id aut et.','DOC-0855-CVB'),(373,192,31,'2024-02-13 04:14:37','Delete','Quo velit suscipit delectus veritatis rerum repudiandae quae numquam praesentium.','DOC-7982-SIN'),(374,177,7,'2024-03-23 07:48:23','Review','Sit earum odit ut id ab qui consequatur.','DOC-8495-PZF'),(375,148,39,'2023-08-21 21:38:18','Update','Laboriosam laboriosam quos non incidunt culpa quae ut voluptatibus illum similique quas.','DOC-7893-RFJ'),(376,159,34,'2023-12-07 20:57:28','Approve','Ducimus qui magni eaque ea error voluptates animi aut ut.','DOC-5938-TKA'),(377,107,24,'2024-09-27 18:41:53','Read','Recusandae est vero nisi voluptatem et aut.','DOC-5873-VWG'),(378,50,6,'2023-06-30 03:54:26','Create','Reiciendis quas sit non quod commodi minus vitae debitis.','DOC-1012-LWX'),(379,12,7,'2024-10-28 11:00:22','Reject','Veritatis cum sed tempora recusandae maxime omnis expedita.','DOC-9657-ZJG'),(380,121,27,'2024-03-05 19:41:43','Delete','Incidunt alias incidunt voluptas dolorem eius voluptas est.','DOC-6488-QPQ'),(381,37,49,'2024-03-13 00:31:07','Update','Sequi hic occaecati aut eos aut atque odit.','DOC-0588-ZZL'),(382,121,7,'2024-05-30 21:50:47','Read','Qui sed sunt accusantium praesentium reprehenderit excepturi voluptates placeat qui minus assumenda qui.','DOC-3252-OYF'),(383,196,45,'2023-04-30 22:37:28','Update','Ratione et porro aperiam quas labore nam repellat.','DOC-1854-YTC'),(384,30,45,'2024-05-29 01:25:28','Read','Atque labore ducimus et ut sit quis aut at quia explicabo consectetur totam.','DOC-5951-KBS'),(385,63,48,'2024-02-19 10:40:47','Read','Et velit aut fugit aut id est porro cumque tenetur expedita nostrum.','DOC-2115-FHY'),(386,193,18,'2023-05-09 22:37:53','Review','Quam ut ipsam facere molestiae rem provident pariatur libero tempora.','DOC-8170-GMQ'),(387,56,15,'2023-06-06 11:12:32','Submit','Aperiam neque exercitationem nulla nihil ullam ipsam aperiam quia.','DOC-0346-SKY'),(388,7,5,'2024-09-12 19:36:46','Reject','Nulla eaque quos fugit quis quasi perspiciatis deleniti quas doloribus minima eaque totam consectetur.','DOC-8457-ILX'),(389,159,16,'2025-02-09 09:28:06','Create','Deserunt dignissimos quis sed ab inventore vel facere ullam.','DOC-2273-GJK'),(390,57,5,'2025-01-11 00:50:02','Update','Enim libero doloribus neque ut non explicabo.','DOC-2124-JAS'),(391,124,46,'2023-11-21 12:32:46','Reject','Suscipit sint voluptatum earum eum saepe quam quia voluptas eius consectetur quia.','DOC-7084-YRQ'),(392,179,3,'2024-07-10 14:07:25','Update','Eos tempora est dolores nam consequatur voluptatum.','DOC-4264-KQC'),(393,7,5,'2023-07-15 06:21:01','Update','Quisquam voluptates sit quia et voluptas voluptatem enim perspiciatis quidem placeat sed.','DOC-9205-XRS'),(394,197,23,'2023-08-19 12:31:30','Submit','Odit est repellat quam dolore nemo eius sit quia magni aut quo temporibus dolore.','DOC-9016-STP'),(395,163,48,'2023-05-08 02:44:49','Update','Facilis molestiae ut optio et tenetur iure ullam consequatur.','DOC-9488-MZN'),(396,68,11,'2024-04-13 12:45:07','Delete','Omnis voluptatum voluptate odio voluptatem voluptas sit consequatur officiis sit impedit ut.','DOC-4732-ZPE'),(397,117,36,'2024-09-30 01:36:55','Delete','Facere sit repellendus autem error ducimus accusamus repudiandae quisquam.','DOC-1275-SPT'),(398,70,28,'2024-03-27 00:14:01','Review','Doloribus facere laboriosam delectus ut blanditiis nam impedit excepturi quia voluptas sit.','DOC-6884-GXZ'),(399,65,28,'2024-01-19 11:42:23','Delete','Est blanditiis sunt harum sit magnam perspiciatis dolorem libero praesentium quibusdam impedit.','DOC-4832-XYW'),(400,30,17,'2024-11-29 23:08:11','Approve','Iste exercitationem est facilis nihil soluta amet atque officia maxime.','DOC-2761-MQN'),(401,199,42,'2023-10-31 14:54:06','Read','Nostrum tenetur possimus atque ratione enim ipsum sed animi impedit laudantium.','DOC-8160-OKD'),(402,38,7,'2024-04-02 16:34:56','Read','Reiciendis recusandae voluptatem vel natus nisi sunt omnis quos libero occaecati delectus.','DOC-9027-WCH'),(403,172,12,'2024-11-15 15:32:25','Create','Earum autem quod quod earum omnis ipsum amet sint et quo distinctio.','DOC-1083-QZN'),(404,118,29,'2023-11-01 23:32:15','Create','Repudiandae sit ex quas est tenetur debitis est.','DOC-7258-CXJ'),(405,21,25,'2023-10-13 21:39:22','Submit','Tempore officia eos dicta possimus dicta vero natus autem omnis reprehenderit illum voluptatum.','DOC-5730-CSW'),(406,96,11,'2025-01-23 08:59:09','Read','Nobis molestiae totam veniam doloribus modi veritatis sapiente et cum enim voluptas quod omnis.','DOC-9147-PFT'),(407,151,6,'2024-04-13 02:40:36','Update','In sapiente voluptas non rerum consequatur iure sed.','DOC-5004-FKL'),(408,104,24,'2023-06-12 04:38:50','Read','Earum quia quo animi dignissimos modi ad.','DOC-5919-VWE'),(409,90,31,'2023-06-03 05:40:31','Approve','Qui dolorum quisquam ut animi nostrum delectus minima esse impedit consequatur labore labore dolore.','DOC-4629-FLX'),(410,59,31,'2023-09-16 10:57:24','Approve','Voluptatibus et amet harum sint voluptatem at odit repellendus.','DOC-5971-CBT'),(411,160,21,'2024-10-25 07:28:09','Submit','Nihil deserunt et dolor odit error dolores iusto similique fuga.','DOC-7501-GEN'),(412,29,41,'2024-04-03 08:29:01','Submit','Expedita quod aliquam culpa autem est itaque ad.','DOC-9083-YLX'),(413,47,16,'2024-03-04 00:05:02','Submit','Ea consequatur sed vel qui consequatur sit fugit neque est impedit et voluptate facere.','DOC-8698-PRC'),(414,99,28,'2024-04-17 15:50:21','Reject','Quia optio laborum qui modi alias libero rem laborum laborum ea est repellendus.','DOC-3115-VEC'),(415,145,30,'2023-07-11 22:20:37','Update','Porro repellendus at et nemo minus fugit.','DOC-8307-USH'),(416,28,31,'2024-01-31 05:02:45','Reject','Eum quis deleniti fuga dolorem ut vel pariatur aperiam commodi sunt rem molestiae amet.','DOC-3327-MUN'),(417,170,11,'2024-06-06 12:36:01','Submit','Velit inventore voluptates sit ipsam minus repellat quae ut tempore tempore temporibus et rerum.','DOC-4875-LFD'),(418,29,41,'2024-02-14 05:48:13','Update','Quam culpa eveniet omnis minus tempora doloribus voluptate magnam neque.','DOC-9239-YBZ'),(419,59,16,'2023-06-21 05:11:01','Delete','Et ullam dolores eos dolorem assumenda mollitia suscipit maxime.','DOC-2285-NEH'),(420,101,16,'2024-12-31 19:50:55','Update','Quia iste et aut soluta facere nisi.','DOC-8806-CZL'),(421,157,19,'2024-03-23 14:16:01','Reject','Dolores iste iusto nisi doloribus laborum magnam aut non quam qui voluptates.','DOC-7785-BSD'),(422,135,3,'2023-07-05 05:54:45','Review','Ullam est officiis inventore asperiores ea qui voluptate quasi at ullam dolorem vero quos.','DOC-4051-BKI'),(423,20,27,'2024-06-29 07:09:41','Create','Eligendi ad qui ea ipsam natus omnis.','DOC-8241-BLT'),(424,178,34,'2023-06-22 14:02:09','Approve','Consequatur tenetur earum laborum ut sed commodi quasi dolor quis omnis tempore voluptas accusamus.','DOC-8062-KOS'),(425,44,9,'2024-08-15 01:00:16','Review','In molestiae unde sequi aut officia fugit delectus.','DOC-4613-SNO'),(426,82,15,'2024-08-24 04:19:38','Update','Totam quas architecto ut laudantium aut magnam et repellendus beatae voluptas iste a.','DOC-3323-RYV'),(427,12,33,'2024-12-22 04:52:58','Submit','Quisquam non ad deserunt in id alias quis adipisci.','DOC-7219-DZK'),(428,24,50,'2023-06-02 03:37:50','Update','Omnis sunt similique sed est voluptas veniam qui.','DOC-9011-CII'),(429,58,18,'2023-10-01 11:43:52','Read','Quod ut provident consequuntur voluptatem consectetur non impedit assumenda est sequi saepe.','DOC-0915-BUW'),(430,51,17,'2025-02-17 05:33:56','Reject','Inventore nostrum quidem vero quaerat laboriosam similique provident sit laborum architecto adipisci vitae est.','DOC-3372-QOO'),(431,30,17,'2025-02-25 00:49:06','Review','Sed inventore unde incidunt est et consequatur beatae quo unde.','DOC-2049-UXJ'),(432,180,38,'2024-09-05 09:46:07','Create','Ut odit quis quo non ipsa et a.','DOC-1958-CJL'),(433,171,25,'2024-10-13 07:14:57','Delete','Occaecati fugiat sed a recusandae omnis quos aut.','DOC-3979-LLQ'),(434,64,48,'2023-05-06 20:25:17','Delete','Iure officiis molestias tenetur aperiam eum doloremque.','DOC-9958-YSR'),(435,28,31,'2024-03-03 22:00:41','Update','Eum occaecati aut ipsum eveniet sint tempora quos quia enim officia.','DOC-0844-FEX'),(436,109,2,'2024-12-11 03:51:00','Reject','Deserunt commodi id alias molestiae ut eum quo cum mollitia hic dolorem asperiores.','DOC-6454-LIO'),(437,93,37,'2023-10-11 17:45:04','Read','Corrupti nam ad quas sequi quam eveniet non qui qui.','DOC-2504-RVZ'),(438,99,15,'2023-08-10 14:57:46','Delete','Alias earum nihil ut illo quod molestiae temporibus similique exercitationem debitis.','DOC-5397-XWE'),(439,38,7,'2023-03-05 21:15:43','Delete','Voluptatem ut qui et sapiente tempore maxime facere esse ab qui sint sint.','DOC-4926-ZNI'),(440,133,24,'2023-08-14 14:38:21','Reject','Voluptas ut soluta deleniti omnis labore rerum dolorem provident ea eius.','DOC-3609-ERT'),(441,3,3,'2023-12-01 15:09:38','Approve','Ut dolor alias molestiae totam velit quis nam.','DOC-5584-MLZ'),(442,81,3,'2023-03-09 09:38:17','Reject','Sunt numquam voluptatem id quis dolorem recusandae corrupti temporibus et tempora.','DOC-2043-DJH'),(443,64,50,'2024-06-14 13:34:33','Delete','Perferendis velit neque nobis repellendus fuga consequatur.','DOC-7906-QAI'),(444,87,8,'2024-01-04 08:25:13','Submit','Omnis placeat ea totam suscipit et voluptatem enim ad asperiores aperiam.','DOC-7456-BYF'),(445,193,47,'2023-06-20 12:03:15','Review','Voluptas praesentium exercitationem debitis et necessitatibus et delectus.','DOC-6400-EJK'),(446,145,6,'2024-06-09 13:14:16','Create','Eos assumenda accusamus voluptas et molestiae magnam dolorum rerum laboriosam aut.','DOC-4176-WWX'),(447,192,21,'2023-08-06 18:36:08','Delete','Et labore et est et voluptas quasi quo itaque.','DOC-1974-FRF'),(448,89,14,'2024-10-02 04:30:51','Reject','Pariatur et nobis id ipsum ut earum voluptas.','DOC-2557-RZK'),(449,23,17,'2023-05-10 04:25:04','Update','Expedita iste aspernatur harum voluptas tempora nesciunt autem quos laborum non quod voluptas beatae.','DOC-2171-KCC'),(450,52,17,'2025-02-10 17:16:34','Delete','Voluptatem quis dolores velit beatae placeat incidunt non iusto iste sit vero ipsam.','DOC-7979-KKD'),(451,44,9,'2023-11-25 14:24:10','Review','Omnis quis voluptas dicta qui beatae ut.','DOC-2658-KLD'),(452,194,10,'2023-06-01 21:40:29','Submit','Vitae vitae omnis maxime aut est inventore beatae at.','DOC-1462-THJ'),(453,193,39,'2024-05-12 18:05:40','Submit','Totam laboriosam dicta natus fugit ut fugit soluta similique est earum.','DOC-5422-TET'),(454,16,40,'2023-12-19 19:00:50','Create','Perspiciatis a aut sed eos deleniti autem veniam quia.','DOC-3263-UDJ'),(455,76,15,'2024-08-06 19:53:38','Reject','Molestiae omnis sint corrupti beatae tempora tempore nemo.','DOC-2720-UQY'),(456,59,16,'2025-01-10 01:13:41','Create','Consequatur excepturi enim quia alias ratione et vero nostrum temporibus quod.','DOC-9582-EER'),(457,10,29,'2023-05-23 21:36:26','Submit','Quaerat quisquam et tempore dolore nihil ea tempora labore non.','DOC-0549-ORP'),(458,134,26,'2025-02-19 23:15:20','Delete','Aut modi iste nihil molestiae veniam nam laudantium asperiores odit et.','DOC-3219-QAL'),(459,161,26,'2025-01-02 08:22:30','Create','Incidunt consequatur temporibus placeat nisi deserunt in porro alias rem dicta.','DOC-5517-MJF'),(460,170,11,'2023-09-26 01:09:54','Create','Repellat facere tempore architecto reiciendis impedit architecto exercitationem.','DOC-1290-CEA'),(461,107,8,'2024-01-01 03:07:32','Create','Praesentium corporis sit ullam quia voluptatibus est cupiditate eos nesciunt aut voluptas.','DOC-6337-MZT'),(462,66,15,'2023-04-06 22:30:31','Approve','Dolores architecto nam hic numquam nostrum beatae sit consequatur.','DOC-5982-AEX'),(463,89,14,'2023-10-26 13:48:23','Delete','Vel animi autem officia odio eum omnis iste architecto expedita praesentium.','DOC-9232-ZCE'),(464,182,5,'2025-01-27 11:28:26','Delete','Cum corrupti et voluptate quisquam sequi saepe ullam incidunt.','DOC-3051-FBD'),(465,36,48,'2024-02-28 12:30:04','Create','Suscipit illum qui ab animi ea in vel.','DOC-9828-EBG'),(466,58,18,'2023-04-07 16:55:20','Create','Illum omnis quos reiciendis amet optio sit qui velit quos et expedita dolores.','DOC-8003-GPO'),(467,7,11,'2024-08-28 01:29:38','Update','Magni inventore necessitatibus tempora doloremque beatae at qui a.','DOC-6458-EBU'),(468,137,20,'2024-08-21 19:47:57','Read','Pariatur ipsum ea aut doloribus quos modi.','DOC-5029-KHQ'),(469,160,32,'2023-12-30 00:26:18','Delete','Rerum velit dolor quas sit alias quia molestias voluptatum.','DOC-7138-SVJ'),(470,65,40,'2024-08-08 12:07:22','Create','Ut sunt reiciendis asperiores enim accusantium quia.','DOC-8241-LNH'),(471,129,28,'2024-06-06 16:03:05','Read','Aliquam reiciendis inventore error laborum molestiae non eum sit necessitatibus eos ullam ea.','DOC-5968-ANA'),(472,28,47,'2023-07-21 07:08:24','Create','Dolore omnis enim maxime inventore et amet nihil molestiae.','DOC-7911-SLN'),(473,145,30,'2024-08-27 22:03:06','Read','Et mollitia magnam cum nihil delectus cupiditate quo.','DOC-4513-JIS'),(474,134,26,'2023-04-28 21:36:49','Create','Eos sit doloribus ipsa et ut neque repellendus.','DOC-5181-WZA'),(475,94,5,'2024-11-16 05:26:51','Approve','Modi laboriosam distinctio beatae ex enim iusto quo ut adipisci aut voluptatibus.','DOC-2576-SLG'),(476,65,46,'2024-09-22 19:58:43','Update','Aut neque odit modi dolorum voluptatum temporibus in perferendis consequatur est unde aut esse.','DOC-0362-JDH'),(477,180,38,'2023-10-22 01:45:04','Read','Et quam labore quaerat cum doloremque est autem illum consectetur facere.','DOC-4255-NMD'),(478,158,20,'2023-06-02 12:45:52','Update','Quis dicta cum magnam omnis repudiandae nisi ab iusto vero qui.','DOC-5593-GBL'),(479,113,44,'2024-12-22 16:41:18','Read','Explicabo est error voluptates ullam non voluptates quod.','DOC-6999-IIF'),(480,77,12,'2024-11-09 01:17:54','Delete','Corporis laboriosam placeat odit cumque iste similique ea voluptatibus voluptas id qui qui.','DOC-3156-GBX'),(481,114,23,'2024-01-16 11:22:09','Reject','Error reiciendis consequatur corrupti necessitatibus iusto est omnis facilis et nisi quisquam.','DOC-9082-LDL'),(482,106,22,'2024-03-13 01:08:43','Update','Libero sunt qui error qui aliquam praesentium iure aut aliquid blanditiis voluptatem corrupti sequi.','DOC-4545-JII'),(483,137,20,'2023-05-12 02:39:51','Delete','Numquam vel sunt dolorum velit doloribus qui eius magnam nam earum.','DOC-3803-VDO'),(484,109,2,'2023-08-21 08:45:50','Create','Eveniet rerum minima accusantium veniam quos reiciendis impedit a dolore nemo pariatur facere.','DOC-7511-WDR'),(485,67,18,'2023-03-10 18:34:47','Approve','Cupiditate qui molestiae ex voluptas inventore aut possimus aperiam qui fuga officia sint.','DOC-1881-BWY'),(486,22,26,'2023-05-16 19:08:51','Update','Praesentium nesciunt aliquam mollitia numquam nulla omnis non quam soluta a.','DOC-4434-TFW'),(487,87,8,'2024-03-15 19:10:04','Read','Sit ab illum cum perspiciatis dicta eum aut quaerat doloribus magni.','DOC-1042-MVH'),(488,23,18,'2023-04-11 13:52:12','Create','Vel porro non sequi eos illum veritatis.','DOC-8994-AWF'),(489,92,12,'2024-10-24 12:21:52','Update','Similique et non ut dignissimos et ex architecto quas cupiditate assumenda ex laboriosam.','DOC-9634-NKC'),(490,181,37,'2024-10-30 02:37:21','Read','In dolores similique quia velit impedit ea.','DOC-6910-YNG'),(491,9,49,'2023-10-14 17:16:01','Create','Voluptatibus veniam sit est quo consequatur error consequuntur libero.','DOC-9686-FPK'),(492,149,40,'2024-09-29 11:04:39','Delete','Et aspernatur pariatur reprehenderit eum impedit voluptatem molestias sunt facilis consequatur libero.','DOC-4270-OBT'),(493,123,32,'2023-07-02 16:57:15','Submit','Ut est rerum doloribus voluptatibus adipisci voluptatem magnam voluptatem.','DOC-1035-VDA'),(494,113,44,'2024-08-25 16:20:11','Delete','Non debitis et occaecati repellat expedita voluptatem accusantium natus consequatur vitae voluptatem.','DOC-5487-VDH'),(495,30,17,'2025-02-08 16:05:43','Reject','Eos distinctio laboriosam perspiciatis facere nihil deserunt voluptatem quibusdam est eveniet.','DOC-1679-HPS'),(496,67,19,'2024-11-24 18:46:38','Read','Eum consectetur et debitis sequi ea eligendi at maiores repellendus dolor quia.','DOC-1085-MLQ'),(497,19,46,'2024-12-31 10:00:15','Read','Repellendus eligendi enim sunt et tenetur quisquam quibusdam iure.','DOC-1614-WTW'),(498,95,1,'2023-11-17 00:23:02','Delete','Aspernatur in quasi harum est quia aut quisquam et expedita enim.','DOC-9442-ABW'),(499,20,27,'2023-04-21 07:40:25','Update','Adipisci adipisci illo ratione accusantium aut aut sit omnis.','DOC-1609-JNF'),(500,4,35,'2024-10-02 23:00:04','Delete','Dignissimos veritatis pariatur tenetur voluptates at corrupti laudantium voluptatem.','DOC-0430-PCS');
/*!40000 ALTER TABLE `transaction` ENABLE KEYS */;
UNLOCK TABLES;
/*!40103 SET TIME_ZONE=@OLD_TIME_ZONE */;

/*!40101 SET SQL_MODE=@OLD_SQL_MODE */;
/*!40014 SET FOREIGN_KEY_CHECKS=@OLD_FOREIGN_KEY_CHECKS */;
/*!40014 SET UNIQUE_CHECKS=@OLD_UNIQUE_CHECKS */;
/*!40101 SET CHARACTER_SET_CLIENT=@OLD_CHARACTER_SET_CLIENT */;
/*!40101 SET CHARACTER_SET_RESULTS=@OLD_CHARACTER_SET_RESULTS */;
/*!40101 SET COLLATION_CONNECTION=@OLD_COLLATION_CONNECTION */;
/*!40111 SET SQL_NOTES=@OLD_SQL_NOTES */;

-- Dump completed on 2025-03-01 16:20:00
=======
-- Create and use the database
CREATE DATABASE IF NOT EXISTS ph_company;
USE ph_company;

-- Create Office table
CREATE TABLE IF NOT EXISTS office (
    id INT PRIMARY KEY,
    name VARCHAR(100) NOT NULL,
    contactnum VARCHAR(20),
    email VARCHAR(100),
    address VARCHAR(255),
    city VARCHAR(100),
    country VARCHAR(100),
    postal VARCHAR(20)
);

-- Create Employee table
CREATE TABLE IF NOT EXISTS employee (
    id INT PRIMARY KEY,
    lastname VARCHAR(100) NOT NULL,
    firstname VARCHAR(100) NOT NULL,
    office_id INT,
    address VARCHAR(255),
    FOREIGN KEY (office_id) REFERENCES office(id)
);

-- Create Transaction table
CREATE TABLE IF NOT EXISTS transaction (
    id INT PRIMARY KEY,
    employee_id INT,
    office_id INT,
    datelog DATETIME NOT NULL,
    action VARCHAR(50) NOT NULL,
    remarks TEXT,
    documentcode VARCHAR(20),
    FOREIGN KEY (employee_id) REFERENCES employee(id),
    FOREIGN KEY (office_id) REFERENCES office(id)
);
>>>>>>> 48a35fab883878d70694e717abcd06d631e095ad
